/*
Navicat MySQL Data Transfer

Source Server         : kukeoo
Source Server Version : 50619
Source Host           : localhost:3306
Source Database       : examxx

Target Server Type    : MYSQL
Target Server Version : 50619
File Encoding         : 65001

Date: 2019-06-05 11:05:52
*/

SET FOREIGN_KEY_CHECKS=0;

-- ----------------------------
-- Table structure for et_comment
-- ----------------------------
DROP TABLE IF EXISTS `et_comment`;
CREATE TABLE `et_comment` (
  `comment_id` int(10) NOT NULL AUTO_INCREMENT,
  `question_id` int(10) NOT NULL,
  `index_id` int(10) NOT NULL,
  `user_id` int(10) NOT NULL,
  `content_msg` mediumtext NOT NULL,
  `quoto_id` int(10) NOT NULL DEFAULT '0',
  `re_id` int(10) NOT NULL DEFAULT '0',
  `create_time` timestamp NULL DEFAULT CURRENT_TIMESTAMP ON UPDATE CURRENT_TIMESTAMP,
  PRIMARY KEY (`comment_id`),
  KEY `fk_q_id` (`question_id`),
  KEY `fk_u_id` (`user_id`),
  CONSTRAINT `fk_q_id` FOREIGN KEY (`question_id`) REFERENCES `et_question` (`id`) ON DELETE CASCADE ON UPDATE CASCADE,
  CONSTRAINT `fk_u_id` FOREIGN KEY (`user_id`) REFERENCES `et_user` (`id`) ON DELETE CASCADE ON UPDATE CASCADE
) ENGINE=InnoDB AUTO_INCREMENT=3 DEFAULT CHARSET=utf8;

-- ----------------------------
-- Records of et_comment
-- ----------------------------
INSERT INTO `et_comment` VALUES ('2', '3', '1', '6', '真棒！', '0', '0', '2019-06-03 14:28:18');

-- ----------------------------
-- Table structure for et_exam_paper
-- ----------------------------
DROP TABLE IF EXISTS `et_exam_paper`;
CREATE TABLE `et_exam_paper` (
  `id` int(11) NOT NULL AUTO_INCREMENT,
  `name` varchar(40) NOT NULL,
  `content` mediumtext,
  `duration` int(11) NOT NULL COMMENT '试卷考试时间',
  `total_point` int(11) DEFAULT '0',
  `pass_point` int(11) DEFAULT '0',
  `group_id` int(11) NOT NULL COMMENT '班组ID',
  `is_visible` tinyint(1) NOT NULL DEFAULT '0' COMMENT '是否所有用户可见，默认为0',
  `status` tinyint(1) NOT NULL DEFAULT '0' COMMENT '试卷状态， 0未完成 -> 1已完成 -> 2已发布 -> 3通过审核 （已发布和通过审核的无法再修改）',
  `create_time` timestamp NOT NULL DEFAULT CURRENT_TIMESTAMP ON UPDATE CURRENT_TIMESTAMP,
  `summary` varchar(100) DEFAULT NULL COMMENT '试卷介绍',
  `is_subjective` tinyint(1) DEFAULT NULL COMMENT '为1表示为包含主观题的试卷，需阅卷',
  `answer_sheet` mediumtext COMMENT '试卷答案，用答题卡的结构保存',
  `creator` varchar(40) DEFAULT NULL COMMENT '创建人的账号',
  `paper_type` varchar(40) NOT NULL DEFAULT '1' COMMENT '0 真题 1 模拟 2 专家',
  `field_id` int(11) DEFAULT NULL,
  PRIMARY KEY (`id`),
  KEY `group_id` (`group_id`)
) ENGINE=InnoDB AUTO_INCREMENT=3 DEFAULT CHARSET=utf8 COMMENT='试卷';

-- ----------------------------
-- Records of et_exam_paper
-- ----------------------------
INSERT INTO `et_exam_paper` VALUES ('1', '软件工程模拟考试', '<list>\n  <com.extr.controller.domain.QuestionQueryResult>\n    <questionId>1</questionId>\n    <content>&lt;QuestionContent&gt;\n  &lt;title&gt;驾驶机动车在道路上违反道路交通安全法的行为，属于什么行为？&lt;/title&gt;\n  &lt;titleImg&gt;&lt;/titleImg&gt;\n  &lt;choiceList&gt;\n    &lt;entry&gt;\n      &lt;string&gt;A&lt;/string&gt;\n      &lt;string&gt;违章行为&lt;/string&gt;\n    &lt;/entry&gt;\n    &lt;entry&gt;\n      &lt;string&gt;B&lt;/string&gt;\n      &lt;string&gt;违法行为&lt;/string&gt;\n    &lt;/entry&gt;\n    &lt;entry&gt;\n      &lt;string&gt;C&lt;/string&gt;\n      &lt;string&gt;过失行为&lt;/string&gt;\n    &lt;/entry&gt;\n    &lt;entry&gt;\n      &lt;string&gt;D&lt;/string&gt;\n      &lt;string&gt;违规行为&lt;/string&gt;\n    &lt;/entry&gt;\n  &lt;/choiceList&gt;\n  &lt;choiceImgList/&gt;\n&lt;/QuestionContent&gt;</content>\n    <answer>D</answer>\n    <analysis></analysis>\n    <questionTypeId>1</questionTypeId>\n    <referenceName></referenceName>\n    <pointName>驾校科目一理论考试 &gt; 道路交通安全法律、法规和规章 &gt; \n		知识关键点：</pointName>\n    <fieldName>驾校科目一理论考试</fieldName>\n    <questionPoint>1.0</questionPoint>\n    <examingPoint></examingPoint>\n    <knowledgePointId>1</knowledgePointId>\n  </com.extr.controller.domain.QuestionQueryResult>\n  <com.extr.controller.domain.QuestionQueryResult>\n    <questionId>2</questionId>\n    <content>&lt;QuestionContent&gt;\n  &lt;title&gt;机动车驾驶人违法驾驶造成重大交通事故构成犯罪的，依法追究什么责任？&lt;/title&gt;\n  &lt;titleImg&gt;&lt;/titleImg&gt;\n  &lt;choiceList&gt;\n    &lt;entry&gt;\n      &lt;string&gt;A&lt;/string&gt;\n      &lt;string&gt;刑事责任&lt;/string&gt;\n    &lt;/entry&gt;\n    &lt;entry&gt;\n      &lt;string&gt;B&lt;/string&gt;\n      &lt;string&gt;民事责任&lt;/string&gt;\n    &lt;/entry&gt;\n    &lt;entry&gt;\n      &lt;string&gt;C&lt;/string&gt;\n      &lt;string&gt;经济责任&lt;/string&gt;\n    &lt;/entry&gt;\n    &lt;entry&gt;\n      &lt;string&gt;D&lt;/string&gt;\n      &lt;string&gt;直接责任&lt;/string&gt;\n    &lt;/entry&gt;\n  &lt;/choiceList&gt;\n  &lt;choiceImgList/&gt;\n&lt;/QuestionContent&gt;</content>\n    <answer>A</answer>\n    <analysis></analysis>\n    <questionTypeId>1</questionTypeId>\n    <referenceName></referenceName>\n    <pointName>驾校科目一理论考试 &gt; 道路交通安全法律、法规和规章 &gt; \n		知识关键点：</pointName>\n    <fieldName>驾校科目一理论考试</fieldName>\n    <questionPoint>1.0</questionPoint>\n    <examingPoint></examingPoint>\n    <knowledgePointId>1</knowledgePointId>\n  </com.extr.controller.domain.QuestionQueryResult>\n  <com.extr.controller.domain.QuestionQueryResult>\n    <questionId>11</questionId>\n    <content>&lt;QuestionContent&gt;\n  &lt;title&gt;未取得驾驶证的学员在道路上学习驾驶技能，下列哪种做法是正确的？&lt;/title&gt;\n  &lt;titleImg&gt;&lt;/titleImg&gt;\n  &lt;choiceList&gt;\n    &lt;entry&gt;\n      &lt;string&gt;A&lt;/string&gt;\n      &lt;string&gt;使用所学车型的教练车由教练员随车指导&lt;/string&gt;\n    &lt;/entry&gt;\n    &lt;entry&gt;\n      &lt;string&gt;B&lt;/string&gt;\n      &lt;string&gt;使用所学车型的教练车单独驾驶学习&lt;/string&gt;\n    &lt;/entry&gt;\n    &lt;entry&gt;\n      &lt;string&gt;C&lt;/string&gt;\n      &lt;string&gt;使用私家车由教练员随车指导&lt;/string&gt;\n    &lt;/entry&gt;\n    &lt;entry&gt;\n      &lt;string&gt;D&lt;/string&gt;\n      &lt;string&gt;使用所学车型的教练车由非教练员的驾驶人随车指导&lt;/string&gt;\n    &lt;/entry&gt;\n  &lt;/choiceList&gt;\n  &lt;choiceImgList/&gt;\n&lt;/QuestionContent&gt;</content>\n    <answer>A</answer>\n    <analysis></analysis>\n    <questionTypeId>1</questionTypeId>\n    <referenceName></referenceName>\n    <pointName>驾校科目一理论考试 &gt; 道路交通安全法律、法规和规章 &gt; \n		知识关键点：</pointName>\n    <fieldName>驾校科目一理论考试</fieldName>\n    <questionPoint>1.0</questionPoint>\n    <examingPoint></examingPoint>\n    <knowledgePointId>1</knowledgePointId>\n  </com.extr.controller.domain.QuestionQueryResult>\n  <com.extr.controller.domain.QuestionQueryResult>\n    <questionId>12</questionId>\n    <content>&lt;QuestionContent&gt;\n  &lt;title&gt;机动车驾驶人初次申领驾驶证后的实习期是多长时间？&lt;/title&gt;\n  &lt;titleImg&gt;&lt;/titleImg&gt;\n  &lt;choiceList&gt;\n    &lt;entry&gt;\n      &lt;string&gt;A&lt;/string&gt;\n      &lt;string&gt;6个月&lt;/string&gt;\n    &lt;/entry&gt;\n    &lt;entry&gt;\n      &lt;string&gt;B&lt;/string&gt;\n      &lt;string&gt;12个月&lt;/string&gt;\n    &lt;/entry&gt;\n    &lt;entry&gt;\n      &lt;string&gt;C&lt;/string&gt;\n      &lt;string&gt;16个月&lt;/string&gt;\n    &lt;/entry&gt;\n    &lt;entry&gt;\n      &lt;string&gt;D&lt;/string&gt;\n      &lt;string&gt;18个月&lt;/string&gt;\n    &lt;/entry&gt;\n  &lt;/choiceList&gt;\n  &lt;choiceImgList/&gt;\n&lt;/QuestionContent&gt;</content>\n    <answer>B</answer>\n    <analysis></analysis>\n    <questionTypeId>1</questionTypeId>\n    <referenceName></referenceName>\n    <pointName>驾校科目一理论考试 &gt; 道路交通安全法律、法规和规章 &gt; \n		知识关键点：</pointName>\n    <fieldName>驾校科目一理论考试</fieldName>\n    <questionPoint>1.0</questionPoint>\n    <examingPoint></examingPoint>\n    <knowledgePointId>1</knowledgePointId>\n  </com.extr.controller.domain.QuestionQueryResult>\n  <com.extr.controller.domain.QuestionQueryResult>\n    <questionId>13</questionId>\n    <content>&lt;QuestionContent&gt;\n  &lt;title&gt;在实习期内驾驶机动车的，应当在车身后部粘贴或者悬挂哪种标志？&lt;/title&gt;\n  &lt;titleImg&gt;&lt;/titleImg&gt;\n  &lt;choiceList&gt;\n    &lt;entry&gt;\n      &lt;string&gt;A&lt;/string&gt;\n      &lt;string&gt;注意新手标志&lt;/string&gt;\n    &lt;/entry&gt;\n    &lt;entry&gt;\n      &lt;string&gt;B&lt;/string&gt;\n      &lt;string&gt;注意避让标志&lt;/string&gt;\n    &lt;/entry&gt;\n    &lt;entry&gt;\n      &lt;string&gt;C&lt;/string&gt;\n      &lt;string&gt;统一式样的实习标志&lt;/string&gt;\n    &lt;/entry&gt;\n    &lt;entry&gt;\n      &lt;string&gt;D&lt;/string&gt;\n      &lt;string&gt;注意车距标志&lt;/string&gt;\n    &lt;/entry&gt;\n  &lt;/choiceList&gt;\n  &lt;choiceImgList/&gt;\n&lt;/QuestionContent&gt;</content>\n    <answer>C</answer>\n    <analysis></analysis>\n    <questionTypeId>1</questionTypeId>\n    <referenceName></referenceName>\n    <pointName>驾校科目一理论考试 &gt; 道路交通安全法律、法规和规章 &gt; \n		知识关键点：</pointName>\n    <fieldName>驾校科目一理论考试</fieldName>\n    <questionPoint>1.0</questionPoint>\n    <examingPoint></examingPoint>\n    <knowledgePointId>1</knowledgePointId>\n  </com.extr.controller.domain.QuestionQueryResult>\n  <com.extr.controller.domain.QuestionQueryResult>\n    <questionId>14</questionId>\n    <content>&lt;QuestionContent&gt;\n  &lt;title&gt;以欺骗、贿赂等不正当手段取得驾驶证被依法撤销驾驶许可的，多长时间不得重新申请驾驶许可？&lt;/title&gt;\n  &lt;titleImg&gt;&lt;/titleImg&gt;\n  &lt;choiceList&gt;\n    &lt;entry&gt;\n      &lt;string&gt;A&lt;/string&gt;\n      &lt;string&gt;3年内&lt;/string&gt;\n    &lt;/entry&gt;\n    &lt;entry&gt;\n      &lt;string&gt;B&lt;/string&gt;\n      &lt;string&gt;终身&lt;/string&gt;\n    &lt;/entry&gt;\n    &lt;entry&gt;\n      &lt;string&gt;C&lt;/string&gt;\n      &lt;string&gt;1年内&lt;/string&gt;\n    &lt;/entry&gt;\n    &lt;entry&gt;\n      &lt;string&gt;D&lt;/string&gt;\n      &lt;string&gt;5年内&lt;/string&gt;\n    &lt;/entry&gt;\n  &lt;/choiceList&gt;\n  &lt;choiceImgList/&gt;\n&lt;/QuestionContent&gt;</content>\n    <answer>A</answer>\n    <analysis></analysis>\n    <questionTypeId>1</questionTypeId>\n    <referenceName></referenceName>\n    <pointName>驾校科目一理论考试 &gt; 道路交通安全法律、法规和规章 &gt; \n		知识关键点：</pointName>\n    <fieldName>驾校科目一理论考试</fieldName>\n    <questionPoint>1.0</questionPoint>\n    <examingPoint></examingPoint>\n    <knowledgePointId>1</knowledgePointId>\n  </com.extr.controller.domain.QuestionQueryResult>\n  <com.extr.controller.domain.QuestionQueryResult>\n    <questionId>20</questionId>\n    <content>&lt;QuestionContent&gt;\n  &lt;title&gt;驾驶拼装机动车上路行驶的驾驶人，除按规定接受罚款外，还要受到哪种处理？&lt;/title&gt;\n  &lt;titleImg&gt;&lt;/titleImg&gt;\n  &lt;choiceList&gt;\n    &lt;entry&gt;\n      &lt;string&gt;A&lt;/string&gt;\n      &lt;string&gt;处10日以下拘留&lt;/string&gt;\n    &lt;/entry&gt;\n    &lt;entry&gt;\n      &lt;string&gt;B&lt;/string&gt;\n      &lt;string&gt;暂扣驾驶证&lt;/string&gt;\n    &lt;/entry&gt;\n    &lt;entry&gt;\n      &lt;string&gt;C&lt;/string&gt;\n      &lt;string&gt;吊销驾驶证&lt;/string&gt;\n    &lt;/entry&gt;\n    &lt;entry&gt;\n      &lt;string&gt;D&lt;/string&gt;\n      &lt;string&gt;追究刑事责任&lt;/string&gt;\n    &lt;/entry&gt;\n  &lt;/choiceList&gt;\n  &lt;choiceImgList/&gt;\n&lt;/QuestionContent&gt;</content>\n    <answer>C</answer>\n    <analysis></analysis>\n    <questionTypeId>1</questionTypeId>\n    <referenceName></referenceName>\n    <pointName>驾校科目一理论考试 &gt; 道路交通安全法律、法规和规章 &gt; \n		知识关键点：</pointName>\n    <fieldName>驾校科目一理论考试</fieldName>\n    <questionPoint>1.0</questionPoint>\n    <examingPoint></examingPoint>\n    <knowledgePointId>1</knowledgePointId>\n  </com.extr.controller.domain.QuestionQueryResult>\n  <com.extr.controller.domain.QuestionQueryResult>\n    <questionId>22</questionId>\n    <content>&lt;QuestionContent&gt;\n  &lt;title&gt;对驾驶已达到报废标准的机动车上路行驶的驾驶人，会受到下列哪种处罚？&lt;/title&gt;\n  &lt;titleImg&gt;&lt;/titleImg&gt;\n  &lt;choiceList&gt;\n    &lt;entry&gt;\n      &lt;string&gt;A&lt;/string&gt;\n      &lt;string&gt;处15日以下拘留&lt;/string&gt;\n    &lt;/entry&gt;\n    &lt;entry&gt;\n      &lt;string&gt;B&lt;/string&gt;\n      &lt;string&gt;吊销机动车驾驶证&lt;/string&gt;\n    &lt;/entry&gt;\n    &lt;entry&gt;\n      &lt;string&gt;C&lt;/string&gt;\n      &lt;string&gt;处20以上200元以下罚款&lt;/string&gt;\n    &lt;/entry&gt;\n    &lt;entry&gt;\n      &lt;string&gt;D&lt;/string&gt;\n      &lt;string&gt;追究刑事责任&lt;/string&gt;\n    &lt;/entry&gt;\n  &lt;/choiceList&gt;\n  &lt;choiceImgList/&gt;\n&lt;/QuestionContent&gt;</content>\n    <answer>B</answer>\n    <analysis></analysis>\n    <questionTypeId>1</questionTypeId>\n    <referenceName></referenceName>\n    <pointName>驾校科目一理论考试 &gt; 道路交通安全法律、法规和规章 &gt; \n		知识关键点：</pointName>\n    <fieldName>驾校科目一理论考试</fieldName>\n    <questionPoint>1.0</questionPoint>\n    <examingPoint></examingPoint>\n    <knowledgePointId>1</knowledgePointId>\n  </com.extr.controller.domain.QuestionQueryResult>\n  <com.extr.controller.domain.QuestionQueryResult>\n    <questionId>23</questionId>\n    <content>&lt;QuestionContent&gt;\n  &lt;title&gt;对驾驶拼装机动车上路行驶的驾驶人，会受到下列哪种处罚？&lt;/title&gt;\n  &lt;titleImg&gt;&lt;/titleImg&gt;\n  &lt;choiceList&gt;\n    &lt;entry&gt;\n      &lt;string&gt;A&lt;/string&gt;\n      &lt;string&gt;处15日以下拘留&lt;/string&gt;\n    &lt;/entry&gt;\n    &lt;entry&gt;\n      &lt;string&gt;B&lt;/string&gt;\n      &lt;string&gt;依法追究刑事责任&lt;/string&gt;\n    &lt;/entry&gt;\n    &lt;entry&gt;\n      &lt;string&gt;C&lt;/string&gt;\n      &lt;string&gt;处200以上2000元以下罚款&lt;/string&gt;\n    &lt;/entry&gt;\n    &lt;entry&gt;\n      &lt;string&gt;D&lt;/string&gt;\n      &lt;string&gt;吊销机动车行驶证&lt;/string&gt;\n    &lt;/entry&gt;\n  &lt;/choiceList&gt;\n  &lt;choiceImgList/&gt;\n&lt;/QuestionContent&gt;</content>\n    <answer>C</answer>\n    <analysis></analysis>\n    <questionTypeId>1</questionTypeId>\n    <referenceName></referenceName>\n    <pointName>驾校科目一理论考试 &gt; 道路交通安全法律、法规和规章 &gt; \n		知识关键点：</pointName>\n    <fieldName>驾校科目一理论考试</fieldName>\n    <questionPoint>1.0</questionPoint>\n    <examingPoint></examingPoint>\n    <knowledgePointId>1</knowledgePointId>\n  </com.extr.controller.domain.QuestionQueryResult>\n  <com.extr.controller.domain.QuestionQueryResult>\n    <questionId>28</questionId>\n    <content>&lt;QuestionContent&gt;\n  &lt;title&gt;驾驶这种机动车上路行驶属于什么行为？&lt;/title&gt;\n  &lt;titleImg&gt;files/question/admin/1419391810979.jpg&lt;/titleImg&gt;\n  &lt;choiceList&gt;\n    &lt;entry&gt;\n      &lt;string&gt;A&lt;/string&gt;\n      &lt;string&gt;违规行为&lt;/string&gt;\n    &lt;/entry&gt;\n    &lt;entry&gt;\n      &lt;string&gt;B&lt;/string&gt;\n      &lt;string&gt;违章行为&lt;/string&gt;\n    &lt;/entry&gt;\n    &lt;entry&gt;\n      &lt;string&gt;C&lt;/string&gt;\n      &lt;string&gt;违法行为&lt;/string&gt;\n    &lt;/entry&gt;\n    &lt;entry&gt;\n      &lt;string&gt;D&lt;/string&gt;\n      &lt;string&gt;犯罪行为&lt;/string&gt;\n    &lt;/entry&gt;\n  &lt;/choiceList&gt;\n  &lt;choiceImgList/&gt;\n&lt;/QuestionContent&gt;</content>\n    <answer>C</answer>\n    <analysis></analysis>\n    <questionTypeId>1</questionTypeId>\n    <referenceName></referenceName>\n    <pointName>驾校科目一理论考试 &gt; 道路交通安全法律、法规和规章 &gt; \n		知识关键点：</pointName>\n    <fieldName>驾校科目一理论考试</fieldName>\n    <questionPoint>1.0</questionPoint>\n    <examingPoint></examingPoint>\n    <knowledgePointId>1</knowledgePointId>\n  </com.extr.controller.domain.QuestionQueryResult>\n  <com.extr.controller.domain.QuestionQueryResult>\n    <questionId>29</questionId>\n    <content>&lt;QuestionContent&gt;\n  &lt;title&gt;下列哪种标志是驾驶机动车上路行驶应当在车上放置的标志？&lt;/title&gt;\n  &lt;titleImg&gt;&lt;/titleImg&gt;\n  &lt;choiceList&gt;\n    &lt;entry&gt;\n      &lt;string&gt;A&lt;/string&gt;\n      &lt;string&gt;产品合格标志&lt;/string&gt;\n    &lt;/entry&gt;\n    &lt;entry&gt;\n      &lt;string&gt;B&lt;/string&gt;\n      &lt;string&gt;保持车距标志&lt;/string&gt;\n    &lt;/entry&gt;\n    &lt;entry&gt;\n      &lt;string&gt;C&lt;/string&gt;\n      &lt;string&gt;提醒危险标志&lt;/string&gt;\n    &lt;/entry&gt;\n    &lt;entry&gt;\n      &lt;string&gt;D&lt;/string&gt;\n      &lt;string&gt;检验合格标志&lt;/string&gt;\n    &lt;/entry&gt;\n  &lt;/choiceList&gt;\n  &lt;choiceImgList/&gt;\n&lt;/QuestionContent&gt;</content>\n    <answer>D</answer>\n    <analysis></analysis>\n    <questionTypeId>1</questionTypeId>\n    <referenceName></referenceName>\n    <pointName>驾校科目一理论考试 &gt; 道路交通安全法律、法规和规章 &gt; \n		知识关键点：</pointName>\n    <fieldName>驾校科目一理论考试</fieldName>\n    <questionPoint>1.0</questionPoint>\n    <examingPoint></examingPoint>\n    <knowledgePointId>1</knowledgePointId>\n  </com.extr.controller.domain.QuestionQueryResult>\n  <com.extr.controller.domain.QuestionQueryResult>\n    <questionId>32</questionId>\n    <content>&lt;QuestionContent&gt;\n  &lt;title&gt;这辆在道路上行驶的机动车有下列哪种违法行为？&lt;/title&gt;\n  &lt;titleImg&gt;files/question/admin/1419392147793.jpg&lt;/titleImg&gt;\n  &lt;choiceList&gt;\n    &lt;entry&gt;\n      &lt;string&gt;A&lt;/string&gt;\n      &lt;string&gt;逆向行驶&lt;/string&gt;\n    &lt;/entry&gt;\n    &lt;entry&gt;\n      &lt;string&gt;B&lt;/string&gt;\n      &lt;string&gt;未按规定悬挂号牌&lt;/string&gt;\n    &lt;/entry&gt;\n    &lt;entry&gt;\n      &lt;string&gt;C&lt;/string&gt;\n      &lt;string&gt;故意遮挡号牌&lt;/string&gt;\n    &lt;/entry&gt;\n    &lt;entry&gt;\n      &lt;string&gt;D&lt;/string&gt;\n      &lt;string&gt;占用非机动车道&lt;/string&gt;\n    &lt;/entry&gt;\n  &lt;/choiceList&gt;\n  &lt;choiceImgList/&gt;\n&lt;/QuestionContent&gt;</content>\n    <answer>C</answer>\n    <analysis></analysis>\n    <questionTypeId>1</questionTypeId>\n    <referenceName></referenceName>\n    <pointName>驾校科目一理论考试 &gt; 道路交通安全法律、法规和规章 &gt; \n		知识关键点：</pointName>\n    <fieldName>驾校科目一理论考试</fieldName>\n    <questionPoint>1.0</questionPoint>\n    <examingPoint></examingPoint>\n    <knowledgePointId>1</knowledgePointId>\n  </com.extr.controller.domain.QuestionQueryResult>\n  <com.extr.controller.domain.QuestionQueryResult>\n    <questionId>37</questionId>\n    <content>&lt;QuestionContent&gt;\n  &lt;title&gt;公安交通管理部门对驾驶人的交通违法行为除依法给予行政处罚外,实行下列哪种制度？&lt;/title&gt;\n  &lt;titleImg&gt;&lt;/titleImg&gt;\n  &lt;choiceList&gt;\n    &lt;entry&gt;\n      &lt;string&gt;A&lt;/string&gt;\n      &lt;string&gt;违法登记制度&lt;/string&gt;\n    &lt;/entry&gt;\n    &lt;entry&gt;\n      &lt;string&gt;B&lt;/string&gt;\n      &lt;string&gt;奖励里程制度&lt;/string&gt;\n    &lt;/entry&gt;\n    &lt;entry&gt;\n      &lt;string&gt;C&lt;/string&gt;\n      &lt;string&gt;累积记分制度&lt;/string&gt;\n    &lt;/entry&gt;\n    &lt;entry&gt;\n      &lt;string&gt;D&lt;/string&gt;\n      &lt;string&gt;强制报废制度&lt;/string&gt;\n    &lt;/entry&gt;\n  &lt;/choiceList&gt;\n  &lt;choiceImgList/&gt;\n&lt;/QuestionContent&gt;</content>\n    <answer>C</answer>\n    <analysis></analysis>\n    <questionTypeId>1</questionTypeId>\n    <referenceName></referenceName>\n    <pointName>驾校科目一理论考试 &gt; 道路交通安全法律、法规和规章 &gt; \n		知识关键点：</pointName>\n    <fieldName>驾校科目一理论考试</fieldName>\n    <questionPoint>1.0</questionPoint>\n    <examingPoint></examingPoint>\n    <knowledgePointId>1</knowledgePointId>\n  </com.extr.controller.domain.QuestionQueryResult>\n  <com.extr.controller.domain.QuestionQueryResult>\n    <questionId>38</questionId>\n    <content>&lt;QuestionContent&gt;\n  &lt;title&gt;道路交通安全违法行为累积记分的周期是多长时间？&lt;/title&gt;\n  &lt;titleImg&gt;&lt;/titleImg&gt;\n  &lt;choiceList&gt;\n    &lt;entry&gt;\n      &lt;string&gt;A&lt;/string&gt;\n      &lt;string&gt;3个月&lt;/string&gt;\n    &lt;/entry&gt;\n    &lt;entry&gt;\n      &lt;string&gt;B&lt;/string&gt;\n      &lt;string&gt;6个月&lt;/string&gt;\n    &lt;/entry&gt;\n    &lt;entry&gt;\n      &lt;string&gt;C&lt;/string&gt;\n      &lt;string&gt;12个月&lt;/string&gt;\n    &lt;/entry&gt;\n    &lt;entry&gt;\n      &lt;string&gt;D&lt;/string&gt;\n      &lt;string&gt;24个月&lt;/string&gt;\n    &lt;/entry&gt;\n  &lt;/choiceList&gt;\n  &lt;choiceImgList/&gt;\n&lt;/QuestionContent&gt;</content>\n    <answer>C</answer>\n    <analysis></analysis>\n    <questionTypeId>1</questionTypeId>\n    <referenceName></referenceName>\n    <pointName>驾校科目一理论考试 &gt; 道路交通安全法律、法规和规章 &gt; \n		知识关键点：</pointName>\n    <fieldName>驾校科目一理论考试</fieldName>\n    <questionPoint>1.0</questionPoint>\n    <examingPoint></examingPoint>\n    <knowledgePointId>1</knowledgePointId>\n  </com.extr.controller.domain.QuestionQueryResult>\n  <com.extr.controller.domain.QuestionQueryResult>\n    <questionId>39</questionId>\n    <content>&lt;QuestionContent&gt;\n  &lt;title&gt;公安机关交通管理部门对累积记分达到规定分值的驾驶人怎样处理？&lt;/title&gt;\n  &lt;titleImg&gt;&lt;/titleImg&gt;\n  &lt;choiceList&gt;\n    &lt;entry&gt;\n      &lt;string&gt;A&lt;/string&gt;\n      &lt;string&gt;依法追究刑事责任&lt;/string&gt;\n    &lt;/entry&gt;\n    &lt;entry&gt;\n      &lt;string&gt;B&lt;/string&gt;\n      &lt;string&gt;处15日以下拘留&lt;/string&gt;\n    &lt;/entry&gt;\n    &lt;entry&gt;\n      &lt;string&gt;C&lt;/string&gt;\n      &lt;string&gt;终生禁驾&lt;/string&gt;\n    &lt;/entry&gt;\n    &lt;entry&gt;\n      &lt;string&gt;D&lt;/string&gt;\n      &lt;string&gt;进行法律法规教育，重新考试&lt;/string&gt;\n    &lt;/entry&gt;\n  &lt;/choiceList&gt;\n  &lt;choiceImgList/&gt;\n&lt;/QuestionContent&gt;</content>\n    <answer>D</answer>\n    <analysis></analysis>\n    <questionTypeId>1</questionTypeId>\n    <referenceName></referenceName>\n    <pointName>驾校科目一理论考试 &gt; 道路交通安全法律、法规和规章 &gt; \n		知识关键点：</pointName>\n    <fieldName>驾校科目一理论考试</fieldName>\n    <questionPoint>1.0</questionPoint>\n    <examingPoint></examingPoint>\n    <knowledgePointId>1</knowledgePointId>\n  </com.extr.controller.domain.QuestionQueryResult>\n  <com.extr.controller.domain.QuestionQueryResult>\n    <questionId>40</questionId>\n    <content>&lt;QuestionContent&gt;\n  &lt;title&gt;驾驶人出现下列哪种情况，不得驾驶机动车？&lt;/title&gt;\n  &lt;titleImg&gt;&lt;/titleImg&gt;\n  &lt;choiceList&gt;\n    &lt;entry&gt;\n      &lt;string&gt;A&lt;/string&gt;\n      &lt;string&gt;驾驶证丢失、损毁&lt;/string&gt;\n    &lt;/entry&gt;\n    &lt;entry&gt;\n      &lt;string&gt;B&lt;/string&gt;\n      &lt;string&gt;驾驶证接近有效期&lt;/string&gt;\n    &lt;/entry&gt;\n    &lt;entry&gt;\n      &lt;string&gt;C&lt;/string&gt;\n      &lt;string&gt;记分达到10分&lt;/string&gt;\n    &lt;/entry&gt;\n    &lt;entry&gt;\n      &lt;string&gt;D&lt;/string&gt;\n      &lt;string&gt;记分达到6分&lt;/string&gt;\n    &lt;/entry&gt;\n  &lt;/choiceList&gt;\n  &lt;choiceImgList/&gt;\n&lt;/QuestionContent&gt;</content>\n    <answer>A</answer>\n    <analysis></analysis>\n    <questionTypeId>1</questionTypeId>\n    <referenceName></referenceName>\n    <pointName>驾校科目一理论考试 &gt; 道路交通安全法律、法规和规章 &gt; \n		知识关键点：</pointName>\n    <fieldName>驾校科目一理论考试</fieldName>\n    <questionPoint>1.0</questionPoint>\n    <examingPoint></examingPoint>\n    <knowledgePointId>1</knowledgePointId>\n  </com.extr.controller.domain.QuestionQueryResult>\n  <com.extr.controller.domain.QuestionQueryResult>\n    <questionId>46</questionId>\n    <content>&lt;QuestionContent&gt;\n  &lt;title&gt;前方路口这种信号灯亮表示什么意思？&lt;/title&gt;\n  &lt;titleImg&gt;files/question/admin/1419392557987.jpg&lt;/titleImg&gt;\n  &lt;choiceList&gt;\n    &lt;entry&gt;\n      &lt;string&gt;A&lt;/string&gt;\n      &lt;string&gt;路口警示&lt;/string&gt;\n    &lt;/entry&gt;\n    &lt;entry&gt;\n      &lt;string&gt;B&lt;/string&gt;\n      &lt;string&gt;禁止通行&lt;/string&gt;\n    &lt;/entry&gt;\n    &lt;entry&gt;\n      &lt;string&gt;C&lt;/string&gt;\n      &lt;string&gt;准许通行&lt;/string&gt;\n    &lt;/entry&gt;\n    &lt;entry&gt;\n      &lt;string&gt;D&lt;/string&gt;\n      &lt;string&gt;提醒注意&lt;/string&gt;\n    &lt;/entry&gt;\n  &lt;/choiceList&gt;\n  &lt;choiceImgList/&gt;\n&lt;/QuestionContent&gt;</content>\n    <answer>B</answer>\n    <analysis></analysis>\n    <questionTypeId>1</questionTypeId>\n    <referenceName></referenceName>\n    <pointName>驾校科目一理论考试 &gt; 道路交通信号 &gt; \n		知识关键点：</pointName>\n    <fieldName>驾校科目一理论考试</fieldName>\n    <questionPoint>1.0</questionPoint>\n    <examingPoint></examingPoint>\n    <knowledgePointId>2</knowledgePointId>\n  </com.extr.controller.domain.QuestionQueryResult>\n  <com.extr.controller.domain.QuestionQueryResult>\n    <questionId>47</questionId>\n    <content>&lt;QuestionContent&gt;\n  &lt;title&gt;前方路口这种信号灯亮表示什么意思？&lt;/title&gt;\n  &lt;titleImg&gt;files/question/admin/1419392644937.jpg&lt;/titleImg&gt;\n  &lt;choiceList&gt;\n    &lt;entry&gt;\n      &lt;string&gt;A&lt;/string&gt;\n      &lt;string&gt;路口警示&lt;/string&gt;\n    &lt;/entry&gt;\n    &lt;entry&gt;\n      &lt;string&gt;B&lt;/string&gt;\n      &lt;string&gt;加速直行&lt;/string&gt;\n    &lt;/entry&gt;\n    &lt;entry&gt;\n      &lt;string&gt;C&lt;/string&gt;\n      &lt;string&gt;加速左转&lt;/string&gt;\n    &lt;/entry&gt;\n    &lt;entry&gt;\n      &lt;string&gt;D&lt;/string&gt;\n      &lt;string&gt;禁止右转&lt;/string&gt;\n    &lt;/entry&gt;\n  &lt;/choiceList&gt;\n  &lt;choiceImgList/&gt;\n&lt;/QuestionContent&gt;</content>\n    <answer>A</answer>\n    <analysis></analysis>\n    <questionTypeId>1</questionTypeId>\n    <referenceName></referenceName>\n    <pointName>驾校科目一理论考试 &gt; 道路交通信号 &gt; \n		知识关键点：</pointName>\n    <fieldName>驾校科目一理论考试</fieldName>\n    <questionPoint>1.0</questionPoint>\n    <examingPoint></examingPoint>\n    <knowledgePointId>2</knowledgePointId>\n  </com.extr.controller.domain.QuestionQueryResult>\n  <com.extr.controller.domain.QuestionQueryResult>\n    <questionId>48</questionId>\n    <content>&lt;QuestionContent&gt;\n  &lt;title&gt;前方路口这种信号灯亮表示什么意思？&lt;/title&gt;\n  &lt;titleImg&gt;files/question/admin/1419392724887.jpg&lt;/titleImg&gt;\n  &lt;choiceList&gt;\n    &lt;entry&gt;\n      &lt;string&gt;A&lt;/string&gt;\n      &lt;string&gt;路口警示&lt;/string&gt;\n    &lt;/entry&gt;\n    &lt;entry&gt;\n      &lt;string&gt;B&lt;/string&gt;\n      &lt;string&gt;禁止通行&lt;/string&gt;\n    &lt;/entry&gt;\n    &lt;entry&gt;\n      &lt;string&gt;C&lt;/string&gt;\n      &lt;string&gt;准许通行&lt;/string&gt;\n    &lt;/entry&gt;\n    &lt;entry&gt;\n      &lt;string&gt;D&lt;/string&gt;\n      &lt;string&gt;提醒注意&lt;/string&gt;\n    &lt;/entry&gt;\n  &lt;/choiceList&gt;\n  &lt;choiceImgList/&gt;\n&lt;/QuestionContent&gt;</content>\n    <answer>C</answer>\n    <analysis></analysis>\n    <questionTypeId>1</questionTypeId>\n    <referenceName></referenceName>\n    <pointName>驾校科目一理论考试 &gt; 道路交通信号 &gt; \n		知识关键点：</pointName>\n    <fieldName>驾校科目一理论考试</fieldName>\n    <questionPoint>1.0</questionPoint>\n    <examingPoint></examingPoint>\n    <knowledgePointId>2</knowledgePointId>\n  </com.extr.controller.domain.QuestionQueryResult>\n  <com.extr.controller.domain.QuestionQueryResult>\n    <questionId>53</questionId>\n    <content>&lt;QuestionContent&gt;\n  &lt;title&gt;驾驶机动车在这种道路上如何通行？&lt;/title&gt;\n  &lt;titleImg&gt;files/question/admin/1419392979974.jpg&lt;/titleImg&gt;\n  &lt;choiceList&gt;\n    &lt;entry&gt;\n      &lt;string&gt;A&lt;/string&gt;\n      &lt;string&gt;在道路两边通行&lt;/string&gt;\n    &lt;/entry&gt;\n    &lt;entry&gt;\n      &lt;string&gt;B&lt;/string&gt;\n      &lt;string&gt;在道路中间通行&lt;/string&gt;\n    &lt;/entry&gt;\n    &lt;entry&gt;\n      &lt;string&gt;C&lt;/string&gt;\n      &lt;string&gt;实行分道通行&lt;/string&gt;\n    &lt;/entry&gt;\n    &lt;entry&gt;\n      &lt;string&gt;D&lt;/string&gt;\n      &lt;string&gt;可随意通行&lt;/string&gt;\n    &lt;/entry&gt;\n  &lt;/choiceList&gt;\n  &lt;choiceImgList/&gt;\n&lt;/QuestionContent&gt;</content>\n    <answer>B</answer>\n    <analysis></analysis>\n    <questionTypeId>1</questionTypeId>\n    <referenceName></referenceName>\n    <pointName>驾校科目一理论考试 &gt; 道路交通信号 &gt; \n		知识关键点：</pointName>\n    <fieldName>驾校科目一理论考试</fieldName>\n    <questionPoint>1.0</questionPoint>\n    <examingPoint></examingPoint>\n    <knowledgePointId>2</knowledgePointId>\n  </com.extr.controller.domain.QuestionQueryResult>\n  <com.extr.controller.domain.QuestionQueryResult>\n    <questionId>54</questionId>\n    <content>&lt;QuestionContent&gt;\n  &lt;title&gt;道路上划设这种标线的车道内允许下列哪类车辆通行？&lt;/title&gt;\n  &lt;titleImg&gt;files/question/admin/1419393039059.jpg&lt;/titleImg&gt;\n  &lt;choiceList&gt;\n    &lt;entry&gt;\n      &lt;string&gt;A&lt;/string&gt;\n      &lt;string&gt;出租车&lt;/string&gt;\n    &lt;/entry&gt;\n    &lt;entry&gt;\n      &lt;string&gt;B&lt;/string&gt;\n      &lt;string&gt;公务用车&lt;/string&gt;\n    &lt;/entry&gt;\n    &lt;entry&gt;\n      &lt;string&gt;C&lt;/string&gt;\n      &lt;string&gt;公交车&lt;/string&gt;\n    &lt;/entry&gt;\n    &lt;entry&gt;\n      &lt;string&gt;D&lt;/string&gt;\n      &lt;string&gt;私家车&lt;/string&gt;\n    &lt;/entry&gt;\n  &lt;/choiceList&gt;\n  &lt;choiceImgList/&gt;\n&lt;/QuestionContent&gt;</content>\n    <answer>C</answer>\n    <analysis></analysis>\n    <questionTypeId>1</questionTypeId>\n    <referenceName></referenceName>\n    <pointName>驾校科目一理论考试 &gt; 道路交通信号 &gt; \n		知识关键点：</pointName>\n    <fieldName>驾校科目一理论考试</fieldName>\n    <questionPoint>1.0</questionPoint>\n    <examingPoint></examingPoint>\n    <knowledgePointId>2</knowledgePointId>\n  </com.extr.controller.domain.QuestionQueryResult>\n  <com.extr.controller.domain.QuestionQueryResult>\n    <questionId>55</questionId>\n    <content>&lt;QuestionContent&gt;\n  &lt;title&gt;驾驶机动车在路口遇到这种情况如何行驶？&lt;/title&gt;\n  &lt;titleImg&gt;files/question/admin/1419393115241.jpg&lt;/titleImg&gt;\n  &lt;choiceList&gt;\n    &lt;entry&gt;\n      &lt;string&gt;A&lt;/string&gt;\n      &lt;string&gt;可以向右转弯&lt;/string&gt;\n    &lt;/entry&gt;\n    &lt;entry&gt;\n      &lt;string&gt;B&lt;/string&gt;\n      &lt;string&gt;靠右侧直行&lt;/string&gt;\n    &lt;/entry&gt;\n    &lt;entry&gt;\n      &lt;string&gt;C&lt;/string&gt;\n      &lt;string&gt;遵守交通信号灯&lt;/string&gt;\n    &lt;/entry&gt;\n    &lt;entry&gt;\n      &lt;string&gt;D&lt;/string&gt;\n      &lt;string&gt;停车等待&lt;/string&gt;\n    &lt;/entry&gt;\n  &lt;/choiceList&gt;\n  &lt;choiceImgList/&gt;\n&lt;/QuestionContent&gt;</content>\n    <answer>D</answer>\n    <analysis></analysis>\n    <questionTypeId>1</questionTypeId>\n    <referenceName></referenceName>\n    <pointName>驾校科目一理论考试 &gt; 道路交通信号 &gt; \n		知识关键点：</pointName>\n    <fieldName>驾校科目一理论考试</fieldName>\n    <questionPoint>1.0</questionPoint>\n    <examingPoint></examingPoint>\n    <knowledgePointId>2</knowledgePointId>\n  </com.extr.controller.domain.QuestionQueryResult>\n  <com.extr.controller.domain.QuestionQueryResult>\n    <questionId>56</questionId>\n    <content>&lt;QuestionContent&gt;\n  &lt;title&gt;有这种信号灯的路口允许机动车如何行驶？&lt;/title&gt;\n  &lt;titleImg&gt;files/question/admin/1419393159526.jpg&lt;/titleImg&gt;\n  &lt;choiceList&gt;\n    &lt;entry&gt;\n      &lt;string&gt;A&lt;/string&gt;\n      &lt;string&gt;向左转弯&lt;/string&gt;\n    &lt;/entry&gt;\n    &lt;entry&gt;\n      &lt;string&gt;B&lt;/string&gt;\n      &lt;string&gt;直行通过&lt;/string&gt;\n    &lt;/entry&gt;\n    &lt;entry&gt;\n      &lt;string&gt;C&lt;/string&gt;\n      &lt;string&gt;向右转弯&lt;/string&gt;\n    &lt;/entry&gt;\n    &lt;entry&gt;\n      &lt;string&gt;D&lt;/string&gt;\n      &lt;string&gt;停车等待&lt;/string&gt;\n    &lt;/entry&gt;\n  &lt;/choiceList&gt;\n  &lt;choiceImgList/&gt;\n&lt;/QuestionContent&gt;</content>\n    <answer>C</answer>\n    <analysis></analysis>\n    <questionTypeId>1</questionTypeId>\n    <referenceName></referenceName>\n    <pointName>驾校科目一理论考试 &gt; 道路交通信号 &gt; \n		知识关键点：</pointName>\n    <fieldName>驾校科目一理论考试</fieldName>\n    <questionPoint>1.0</questionPoint>\n    <examingPoint></examingPoint>\n    <knowledgePointId>2</knowledgePointId>\n  </com.extr.controller.domain.QuestionQueryResult>\n  <com.extr.controller.domain.QuestionQueryResult>\n    <questionId>57</questionId>\n    <content>&lt;QuestionContent&gt;\n  &lt;title&gt;遇到这种情况的路口怎样通过？&lt;/title&gt;\n  &lt;titleImg&gt;files/question/admin/1419393251759.jpg&lt;/titleImg&gt;\n  &lt;choiceList&gt;\n    &lt;entry&gt;\n      &lt;string&gt;A&lt;/string&gt;\n      &lt;string&gt;左转弯加速通过&lt;/string&gt;\n    &lt;/entry&gt;\n    &lt;entry&gt;\n      &lt;string&gt;B&lt;/string&gt;\n      &lt;string&gt;加速直行通过&lt;/string&gt;\n    &lt;/entry&gt;\n    &lt;entry&gt;\n      &lt;string&gt;C&lt;/string&gt;\n      &lt;string&gt;右转弯加速通过&lt;/string&gt;\n    &lt;/entry&gt;\n    &lt;entry&gt;\n      &lt;string&gt;D&lt;/string&gt;\n      &lt;string&gt;确认安全后通过&lt;/string&gt;\n    &lt;/entry&gt;\n  &lt;/choiceList&gt;\n  &lt;choiceImgList/&gt;\n&lt;/QuestionContent&gt;</content>\n    <answer>D</answer>\n    <analysis></analysis>\n    <questionTypeId>1</questionTypeId>\n    <referenceName></referenceName>\n    <pointName>驾校科目一理论考试 &gt; 道路交通信号 &gt; \n		知识关键点：</pointName>\n    <fieldName>驾校科目一理论考试</fieldName>\n    <questionPoint>1.0</questionPoint>\n    <examingPoint></examingPoint>\n    <knowledgePointId>2</knowledgePointId>\n  </com.extr.controller.domain.QuestionQueryResult>\n  <com.extr.controller.domain.QuestionQueryResult>\n    <questionId>58</questionId>\n    <content>&lt;QuestionContent&gt;\n  &lt;title&gt;这段道路红车所在车道是什么车道？&lt;/title&gt;\n  &lt;titleImg&gt;files/question/admin/1419393291595.jpg&lt;/titleImg&gt;\n  &lt;choiceList&gt;\n    &lt;entry&gt;\n      &lt;string&gt;A&lt;/string&gt;\n      &lt;string&gt;快速车道&lt;/string&gt;\n    &lt;/entry&gt;\n    &lt;entry&gt;\n      &lt;string&gt;B&lt;/string&gt;\n      &lt;string&gt;慢速车道&lt;/string&gt;\n    &lt;/entry&gt;\n    &lt;entry&gt;\n      &lt;string&gt;C&lt;/string&gt;\n      &lt;string&gt;专用车道&lt;/string&gt;\n    &lt;/entry&gt;\n    &lt;entry&gt;\n      &lt;string&gt;D&lt;/string&gt;\n      &lt;string&gt;应急车道&lt;/string&gt;\n    &lt;/entry&gt;\n  &lt;/choiceList&gt;\n  &lt;choiceImgList/&gt;\n&lt;/QuestionContent&gt;</content>\n    <answer>A</answer>\n    <analysis></analysis>\n    <questionTypeId>1</questionTypeId>\n    <referenceName></referenceName>\n    <pointName>驾校科目一理论考试 &gt; 道路交通信号 &gt; \n		知识关键点：</pointName>\n    <fieldName>驾校科目一理论考试</fieldName>\n    <questionPoint>1.0</questionPoint>\n    <examingPoint></examingPoint>\n    <knowledgePointId>2</knowledgePointId>\n  </com.extr.controller.domain.QuestionQueryResult>\n  <com.extr.controller.domain.QuestionQueryResult>\n    <questionId>59</questionId>\n    <content>&lt;QuestionContent&gt;\n  &lt;title&gt;机动车在道路上变更车道需要注意什么？&lt;/title&gt;\n  &lt;titleImg&gt;&lt;/titleImg&gt;\n  &lt;choiceList&gt;\n    &lt;entry&gt;\n      &lt;string&gt;A&lt;/string&gt;\n      &lt;string&gt;尽快加速进入左侧车道&lt;/string&gt;\n    &lt;/entry&gt;\n    &lt;entry&gt;\n      &lt;string&gt;B&lt;/string&gt;\n      &lt;string&gt;不能影响其他车辆正常行驶&lt;/string&gt;\n    &lt;/entry&gt;\n    &lt;entry&gt;\n      &lt;string&gt;C&lt;/string&gt;\n      &lt;string&gt;进入左侧车道时适当减速&lt;/string&gt;\n    &lt;/entry&gt;\n    &lt;entry&gt;\n      &lt;string&gt;D&lt;/string&gt;\n      &lt;string&gt;开启转向灯迅速向左转向&lt;/string&gt;\n    &lt;/entry&gt;\n  &lt;/choiceList&gt;\n  &lt;choiceImgList/&gt;\n&lt;/QuestionContent&gt;</content>\n    <answer>B</answer>\n    <analysis></analysis>\n    <questionTypeId>1</questionTypeId>\n    <referenceName></referenceName>\n    <pointName>驾校科目一理论考试 &gt; 安全行车、文明驾驶基础知识 &gt; \n		知识关键点：</pointName>\n    <fieldName>驾校科目一理论考试</fieldName>\n    <questionPoint>1.0</questionPoint>\n    <examingPoint></examingPoint>\n    <knowledgePointId>3</knowledgePointId>\n  </com.extr.controller.domain.QuestionQueryResult>\n  <com.extr.controller.domain.QuestionQueryResult>\n    <questionId>67</questionId>\n    <content>&lt;QuestionContent&gt;\n  &lt;title&gt;驾驶机动车在道路上向左变更车道时如何使用灯光？&lt;/title&gt;\n  &lt;titleImg&gt;&lt;/titleImg&gt;\n  &lt;choiceList&gt;\n    &lt;entry&gt;\n      &lt;string&gt;A&lt;/string&gt;\n      &lt;string&gt;不用开启转向灯&lt;/string&gt;\n    &lt;/entry&gt;\n    &lt;entry&gt;\n      &lt;string&gt;B&lt;/string&gt;\n      &lt;string&gt;提前开启右转向灯&lt;/string&gt;\n    &lt;/entry&gt;\n    &lt;entry&gt;\n      &lt;string&gt;C&lt;/string&gt;\n      &lt;string&gt;提前开启左转向灯&lt;/string&gt;\n    &lt;/entry&gt;\n    &lt;entry&gt;\n      &lt;string&gt;D&lt;/string&gt;\n      &lt;string&gt;提前开启近光灯&lt;/string&gt;\n    &lt;/entry&gt;\n  &lt;/choiceList&gt;\n  &lt;choiceImgList/&gt;\n&lt;/QuestionContent&gt;</content>\n    <answer>C</answer>\n    <analysis></analysis>\n    <questionTypeId>1</questionTypeId>\n    <referenceName></referenceName>\n    <pointName>驾校科目一理论考试 &gt; 安全行车、文明驾驶基础知识 &gt; \n		知识关键点：</pointName>\n    <fieldName>驾校科目一理论考试</fieldName>\n    <questionPoint>1.0</questionPoint>\n    <examingPoint></examingPoint>\n    <knowledgePointId>3</knowledgePointId>\n  </com.extr.controller.domain.QuestionQueryResult>\n  <com.extr.controller.domain.QuestionQueryResult>\n    <questionId>68</questionId>\n    <content>&lt;QuestionContent&gt;\n  &lt;title&gt;驾驶机动车在道路上靠路边停车过程中如何使用灯光？&lt;/title&gt;\n  &lt;titleImg&gt;&lt;/titleImg&gt;\n  &lt;choiceList&gt;\n    &lt;entry&gt;\n      &lt;string&gt;A&lt;/string&gt;\n      &lt;string&gt;变换使用远近光灯&lt;/string&gt;\n    &lt;/entry&gt;\n    &lt;entry&gt;\n      &lt;string&gt;B&lt;/string&gt;\n      &lt;string&gt;不用指示灯提示&lt;/string&gt;\n    &lt;/entry&gt;\n    &lt;entry&gt;\n      &lt;string&gt;C&lt;/string&gt;\n      &lt;string&gt;开启危险报警闪光灯&lt;/string&gt;\n    &lt;/entry&gt;\n    &lt;entry&gt;\n      &lt;string&gt;D&lt;/string&gt;\n      &lt;string&gt;提前开启右转向灯&lt;/string&gt;\n    &lt;/entry&gt;\n  &lt;/choiceList&gt;\n  &lt;choiceImgList/&gt;\n&lt;/QuestionContent&gt;</content>\n    <answer>D</answer>\n    <analysis></analysis>\n    <questionTypeId>1</questionTypeId>\n    <referenceName></referenceName>\n    <pointName>驾校科目一理论考试 &gt; 安全行车、文明驾驶基础知识 &gt; \n		知识关键点：</pointName>\n    <fieldName>驾校科目一理论考试</fieldName>\n    <questionPoint>1.0</questionPoint>\n    <examingPoint></examingPoint>\n    <knowledgePointId>3</knowledgePointId>\n  </com.extr.controller.domain.QuestionQueryResult>\n  <com.extr.controller.domain.QuestionQueryResult>\n    <questionId>69</questionId>\n    <content>&lt;QuestionContent&gt;\n  &lt;title&gt;在这种天气条件下行车如何使用灯光？&lt;/title&gt;\n  &lt;titleImg&gt;files/question/admin/1419402020076.jpg&lt;/titleImg&gt;\n  &lt;choiceList&gt;\n    &lt;entry&gt;\n      &lt;string&gt;A&lt;/string&gt;\n      &lt;string&gt;使用近光灯&lt;/string&gt;\n    &lt;/entry&gt;\n    &lt;entry&gt;\n      &lt;string&gt;B&lt;/string&gt;\n      &lt;string&gt;不使用灯光&lt;/string&gt;\n    &lt;/entry&gt;\n    &lt;entry&gt;\n      &lt;string&gt;C&lt;/string&gt;\n      &lt;string&gt;使用远光灯&lt;/string&gt;\n    &lt;/entry&gt;\n    &lt;entry&gt;\n      &lt;string&gt;D&lt;/string&gt;\n      &lt;string&gt;使用雾灯&lt;/string&gt;\n    &lt;/entry&gt;\n  &lt;/choiceList&gt;\n  &lt;choiceImgList/&gt;\n&lt;/QuestionContent&gt;</content>\n    <answer>A</answer>\n    <analysis></analysis>\n    <questionTypeId>1</questionTypeId>\n    <referenceName></referenceName>\n    <pointName>驾校科目一理论考试 &gt; 安全行车、文明驾驶基础知识 &gt; \n		知识关键点：</pointName>\n    <fieldName>驾校科目一理论考试</fieldName>\n    <questionPoint>1.0</questionPoint>\n    <examingPoint></examingPoint>\n    <knowledgePointId>3</knowledgePointId>\n  </com.extr.controller.domain.QuestionQueryResult>\n  <com.extr.controller.domain.QuestionQueryResult>\n    <questionId>70</questionId>\n    <content>&lt;QuestionContent&gt;\n  &lt;title&gt;在这种天气条件下行车如何使用灯光？&lt;/title&gt;\n  &lt;titleImg&gt;files/question/admin/1419402080586.jpg&lt;/titleImg&gt;\n  &lt;choiceList&gt;\n    &lt;entry&gt;\n      &lt;string&gt;A&lt;/string&gt;\n      &lt;string&gt;使用远光灯&lt;/string&gt;\n    &lt;/entry&gt;\n    &lt;entry&gt;\n      &lt;string&gt;B&lt;/string&gt;\n      &lt;string&gt;使用雾灯&lt;/string&gt;\n    &lt;/entry&gt;\n    &lt;entry&gt;\n      &lt;string&gt;C&lt;/string&gt;\n      &lt;string&gt;开启右转向灯&lt;/string&gt;\n    &lt;/entry&gt;\n    &lt;entry&gt;\n      &lt;string&gt;D&lt;/string&gt;\n      &lt;string&gt;不使用灯光&lt;/string&gt;\n    &lt;/entry&gt;\n  &lt;/choiceList&gt;\n  &lt;choiceImgList/&gt;\n&lt;/QuestionContent&gt;</content>\n    <answer>B</answer>\n    <analysis></analysis>\n    <questionTypeId>1</questionTypeId>\n    <referenceName></referenceName>\n    <pointName>驾校科目一理论考试 &gt; 安全行车、文明驾驶基础知识 &gt; \n		知识关键点：</pointName>\n    <fieldName>驾校科目一理论考试</fieldName>\n    <questionPoint>1.0</questionPoint>\n    <examingPoint></examingPoint>\n    <knowledgePointId>3</knowledgePointId>\n  </com.extr.controller.domain.QuestionQueryResult>\n  <com.extr.controller.domain.QuestionQueryResult>\n    <questionId>72</questionId>\n    <content>&lt;QuestionContent&gt;\n  &lt;title&gt;在这种环境下通过路口如何使用灯光？&lt;/title&gt;\n  &lt;titleImg&gt;files/question/admin/1419402414056.jpg&lt;/titleImg&gt;\n  &lt;choiceList&gt;\n    &lt;entry&gt;\n      &lt;string&gt;A&lt;/string&gt;\n      &lt;string&gt;关闭远光灯&lt;/string&gt;\n    &lt;/entry&gt;\n    &lt;entry&gt;\n      &lt;string&gt;B&lt;/string&gt;\n      &lt;string&gt;使用危险报警闪光灯&lt;/string&gt;\n    &lt;/entry&gt;\n    &lt;entry&gt;\n      &lt;string&gt;C&lt;/string&gt;\n      &lt;string&gt;使用远光灯&lt;/string&gt;\n    &lt;/entry&gt;\n    &lt;entry&gt;\n      &lt;string&gt;D&lt;/string&gt;\n      &lt;string&gt;交替使用远近光灯&lt;/string&gt;\n    &lt;/entry&gt;\n  &lt;/choiceList&gt;\n  &lt;choiceImgList/&gt;\n&lt;/QuestionContent&gt;</content>\n    <answer>D</answer>\n    <analysis></analysis>\n    <questionTypeId>1</questionTypeId>\n    <referenceName></referenceName>\n    <pointName>驾校科目一理论考试 &gt; 安全行车、文明驾驶基础知识 &gt; \n		知识关键点：</pointName>\n    <fieldName>驾校科目一理论考试</fieldName>\n    <questionPoint>1.0</questionPoint>\n    <examingPoint></examingPoint>\n    <knowledgePointId>3</knowledgePointId>\n  </com.extr.controller.domain.QuestionQueryResult>\n  <com.extr.controller.domain.QuestionQueryResult>\n    <questionId>73</questionId>\n    <content>&lt;QuestionContent&gt;\n  &lt;title&gt;在这种路段如何行驶？&lt;/title&gt;\n  &lt;titleImg&gt;files/question/admin/1419402483372.jpg&lt;/titleImg&gt;\n  &lt;choiceList&gt;\n    &lt;entry&gt;\n      &lt;string&gt;A&lt;/string&gt;\n      &lt;string&gt;减速鸣喇叭示意&lt;/string&gt;\n    &lt;/entry&gt;\n    &lt;entry&gt;\n      &lt;string&gt;B&lt;/string&gt;\n      &lt;string&gt;加速鸣喇叭通过&lt;/string&gt;\n    &lt;/entry&gt;\n    &lt;entry&gt;\n      &lt;string&gt;C&lt;/string&gt;\n      &lt;string&gt;在弯道中心转弯&lt;/string&gt;\n    &lt;/entry&gt;\n    &lt;entry&gt;\n      &lt;string&gt;D&lt;/string&gt;\n      &lt;string&gt;占对方道路转弯&lt;/string&gt;\n    &lt;/entry&gt;\n  &lt;/choiceList&gt;\n  &lt;choiceImgList/&gt;\n&lt;/QuestionContent&gt;</content>\n    <answer>A</answer>\n    <analysis></analysis>\n    <questionTypeId>1</questionTypeId>\n    <referenceName></referenceName>\n    <pointName>驾校科目一理论考试 &gt; 安全行车、文明驾驶基础知识 &gt; \n		知识关键点：</pointName>\n    <fieldName>驾校科目一理论考试</fieldName>\n    <questionPoint>1.0</questionPoint>\n    <examingPoint></examingPoint>\n    <knowledgePointId>3</knowledgePointId>\n  </com.extr.controller.domain.QuestionQueryResult>\n  <com.extr.controller.domain.QuestionQueryResult>\n    <questionId>84</questionId>\n    <content>&lt;QuestionContent&gt;\n  &lt;title&gt;下列哪种行为会受到200元以上2000元以下罚款，并处吊销机动车驾驶证？&lt;/title&gt;\n  &lt;titleImg&gt;&lt;/titleImg&gt;\n  &lt;choiceList&gt;\n    &lt;entry&gt;\n      &lt;string&gt;A&lt;/string&gt;\n      &lt;string&gt;违反道路通行规定&lt;/string&gt;\n    &lt;/entry&gt;\n    &lt;entry&gt;\n      &lt;string&gt;B&lt;/string&gt;\n      &lt;string&gt;超过规定时速50%&lt;/string&gt;\n    &lt;/entry&gt;\n    &lt;entry&gt;\n      &lt;string&gt;C&lt;/string&gt;\n      &lt;string&gt;造成交通事故后逃逸&lt;/string&gt;\n    &lt;/entry&gt;\n    &lt;entry&gt;\n      &lt;string&gt;D&lt;/string&gt;\n      &lt;string&gt;驾车没带驾驶证&lt;/string&gt;\n    &lt;/entry&gt;\n  &lt;/choiceList&gt;\n  &lt;choiceImgList/&gt;\n&lt;/QuestionContent&gt;</content>\n    <answer>B</answer>\n    <analysis></analysis>\n    <questionTypeId>1</questionTypeId>\n    <referenceName></referenceName>\n    <pointName>驾校科目一理论考试 &gt; 安全行车、文明驾驶基础知识 &gt; \n		知识关键点：</pointName>\n    <fieldName>驾校科目一理论考试</fieldName>\n    <questionPoint>1.0</questionPoint>\n    <examingPoint></examingPoint>\n    <knowledgePointId>3</knowledgePointId>\n  </com.extr.controller.domain.QuestionQueryResult>\n  <com.extr.controller.domain.QuestionQueryResult>\n    <questionId>87</questionId>\n    <content>&lt;QuestionContent&gt;\n  &lt;title&gt;在这条公路上行驶的最高速度不能超过多少？&lt;/title&gt;\n  &lt;titleImg&gt;files/question/admin/1419403099402.jpg&lt;/titleImg&gt;\n  &lt;choiceList&gt;\n    &lt;entry&gt;\n      &lt;string&gt;A&lt;/string&gt;\n      &lt;string&gt;30公里/小时&lt;/string&gt;\n    &lt;/entry&gt;\n    &lt;entry&gt;\n      &lt;string&gt;B&lt;/string&gt;\n      &lt;string&gt;40公里/小时&lt;/string&gt;\n    &lt;/entry&gt;\n    &lt;entry&gt;\n      &lt;string&gt;C&lt;/string&gt;\n      &lt;string&gt;50公里/小时&lt;/string&gt;\n    &lt;/entry&gt;\n    &lt;entry&gt;\n      &lt;string&gt;D&lt;/string&gt;\n      &lt;string&gt;70公里/小时&lt;/string&gt;\n    &lt;/entry&gt;\n  &lt;/choiceList&gt;\n  &lt;choiceImgList/&gt;\n&lt;/QuestionContent&gt;</content>\n    <answer>B</answer>\n    <analysis></analysis>\n    <questionTypeId>1</questionTypeId>\n    <referenceName></referenceName>\n    <pointName>驾校科目一理论考试 &gt; 安全行车、文明驾驶基础知识 &gt; \n		知识关键点：</pointName>\n    <fieldName>驾校科目一理论考试</fieldName>\n    <questionPoint>1.0</questionPoint>\n    <examingPoint></examingPoint>\n    <knowledgePointId>3</knowledgePointId>\n  </com.extr.controller.domain.QuestionQueryResult>\n  <com.extr.controller.domain.QuestionQueryResult>\n    <questionId>88</questionId>\n    <content>&lt;QuestionContent&gt;\n  &lt;title&gt;在这条城市道路上行驶的最高速度不能超过多少？&lt;/title&gt;\n  &lt;titleImg&gt;files/question/admin/1419403164678.jpg&lt;/titleImg&gt;\n  &lt;choiceList&gt;\n    &lt;entry&gt;\n      &lt;string&gt;A&lt;/string&gt;\n      &lt;string&gt;30公里/小时&lt;/string&gt;\n    &lt;/entry&gt;\n    &lt;entry&gt;\n      &lt;string&gt;B&lt;/string&gt;\n      &lt;string&gt;40公里/小时&lt;/string&gt;\n    &lt;/entry&gt;\n    &lt;entry&gt;\n      &lt;string&gt;C&lt;/string&gt;\n      &lt;string&gt;50公里/小时&lt;/string&gt;\n    &lt;/entry&gt;\n    &lt;entry&gt;\n      &lt;string&gt;D&lt;/string&gt;\n      &lt;string&gt;70公里/小时&lt;/string&gt;\n    &lt;/entry&gt;\n  &lt;/choiceList&gt;\n  &lt;choiceImgList/&gt;\n&lt;/QuestionContent&gt;</content>\n    <answer>C</answer>\n    <analysis></analysis>\n    <questionTypeId>1</questionTypeId>\n    <referenceName></referenceName>\n    <pointName>驾校科目一理论考试 &gt; 安全行车、文明驾驶基础知识 &gt; \n		知识关键点：</pointName>\n    <fieldName>驾校科目一理论考试</fieldName>\n    <questionPoint>1.0</questionPoint>\n    <examingPoint></examingPoint>\n    <knowledgePointId>3</knowledgePointId>\n  </com.extr.controller.domain.QuestionQueryResult>\n  <com.extr.controller.domain.QuestionQueryResult>\n    <questionId>89</questionId>\n    <content>&lt;QuestionContent&gt;\n  &lt;title&gt;在这条公路上行驶的最高速度不能超过多少？&lt;/title&gt;\n  &lt;titleImg&gt;files/question/admin/1419403280574.jpg&lt;/titleImg&gt;\n  &lt;choiceList&gt;\n    &lt;entry&gt;\n      &lt;string&gt;A&lt;/string&gt;\n      &lt;string&gt;30公里/小时&lt;/string&gt;\n    &lt;/entry&gt;\n    &lt;entry&gt;\n      &lt;string&gt;B&lt;/string&gt;\n      &lt;string&gt;40公里/小时&lt;/string&gt;\n    &lt;/entry&gt;\n    &lt;entry&gt;\n      &lt;string&gt;C&lt;/string&gt;\n      &lt;string&gt;50公里/小时&lt;/string&gt;\n    &lt;/entry&gt;\n    &lt;entry&gt;\n      &lt;string&gt;D&lt;/string&gt;\n      &lt;string&gt;70公里/小时&lt;/string&gt;\n    &lt;/entry&gt;\n  &lt;/choiceList&gt;\n  &lt;choiceImgList/&gt;\n&lt;/QuestionContent&gt;</content>\n    <answer>D</answer>\n    <analysis></analysis>\n    <questionTypeId>1</questionTypeId>\n    <referenceName></referenceName>\n    <pointName>驾校科目一理论考试 &gt; 安全行车、文明驾驶基础知识 &gt; \n		知识关键点：</pointName>\n    <fieldName>驾校科目一理论考试</fieldName>\n    <questionPoint>1.0</questionPoint>\n    <examingPoint></examingPoint>\n    <knowledgePointId>3</knowledgePointId>\n  </com.extr.controller.domain.QuestionQueryResult>\n  <com.extr.controller.domain.QuestionQueryResult>\n    <questionId>90</questionId>\n    <content>&lt;QuestionContent&gt;\n  &lt;title&gt;在这个弯道上行驶时的最高速度不能超过多少？&lt;/title&gt;\n  &lt;titleImg&gt;files/question/admin/1419403331566.jpg&lt;/titleImg&gt;\n  &lt;choiceList&gt;\n    &lt;entry&gt;\n      &lt;string&gt;A&lt;/string&gt;\n      &lt;string&gt;30公里/小时&lt;/string&gt;\n    &lt;/entry&gt;\n    &lt;entry&gt;\n      &lt;string&gt;B&lt;/string&gt;\n      &lt;string&gt;40公里/小时&lt;/string&gt;\n    &lt;/entry&gt;\n    &lt;entry&gt;\n      &lt;string&gt;C&lt;/string&gt;\n      &lt;string&gt;50公里/小时&lt;/string&gt;\n    &lt;/entry&gt;\n    &lt;entry&gt;\n      &lt;string&gt;D&lt;/string&gt;\n      &lt;string&gt;70公里/小时&lt;/string&gt;\n    &lt;/entry&gt;\n  &lt;/choiceList&gt;\n  &lt;choiceImgList/&gt;\n&lt;/QuestionContent&gt;</content>\n    <answer>A</answer>\n    <analysis></analysis>\n    <questionTypeId>1</questionTypeId>\n    <referenceName></referenceName>\n    <pointName>驾校科目一理论考试 &gt; 安全行车、文明驾驶基础知识 &gt; \n		知识关键点：</pointName>\n    <fieldName>驾校科目一理论考试</fieldName>\n    <questionPoint>1.0</questionPoint>\n    <examingPoint></examingPoint>\n    <knowledgePointId>3</knowledgePointId>\n  </com.extr.controller.domain.QuestionQueryResult>\n  <com.extr.controller.domain.QuestionQueryResult>\n    <questionId>92</questionId>\n    <content>&lt;QuestionContent&gt;\n  &lt;title&gt;驾驶机动车遇雾、雨、雪等能见度在50米以内时，最高速度不能超过多少？&lt;/title&gt;\n  &lt;titleImg&gt;&lt;/titleImg&gt;\n  &lt;choiceList&gt;\n    &lt;entry&gt;\n      &lt;string&gt;A&lt;/string&gt;\n      &lt;string&gt;70公里/小时&lt;/string&gt;\n    &lt;/entry&gt;\n    &lt;entry&gt;\n      &lt;string&gt;B&lt;/string&gt;\n      &lt;string&gt;50公里/小时&lt;/string&gt;\n    &lt;/entry&gt;\n    &lt;entry&gt;\n      &lt;string&gt;C&lt;/string&gt;\n      &lt;string&gt;40公里/小时&lt;/string&gt;\n    &lt;/entry&gt;\n    &lt;entry&gt;\n      &lt;string&gt;D&lt;/string&gt;\n      &lt;string&gt;30公里/小时&lt;/string&gt;\n    &lt;/entry&gt;\n  &lt;/choiceList&gt;\n  &lt;choiceImgList/&gt;\n&lt;/QuestionContent&gt;</content>\n    <answer>D</answer>\n    <analysis></analysis>\n    <questionTypeId>1</questionTypeId>\n    <referenceName></referenceName>\n    <pointName>驾校科目一理论考试 &gt; 安全行车、文明驾驶基础知识 &gt; \n		知识关键点：</pointName>\n    <fieldName>驾校科目一理论考试</fieldName>\n    <questionPoint>1.0</questionPoint>\n    <examingPoint></examingPoint>\n    <knowledgePointId>3</knowledgePointId>\n  </com.extr.controller.domain.QuestionQueryResult>\n  <com.extr.controller.domain.QuestionQueryResult>\n    <questionId>95</questionId>\n    <content>&lt;QuestionContent&gt;\n  &lt;title&gt;驾驶机动车通过急弯路时，最高速度不能超过多少？&lt;/title&gt;\n  &lt;titleImg&gt;&lt;/titleImg&gt;\n  &lt;choiceList&gt;\n    &lt;entry&gt;\n      &lt;string&gt;A&lt;/string&gt;\n      &lt;string&gt;20公里/小时&lt;/string&gt;\n    &lt;/entry&gt;\n    &lt;entry&gt;\n      &lt;string&gt;B&lt;/string&gt;\n      &lt;string&gt;30公里/小时&lt;/string&gt;\n    &lt;/entry&gt;\n    &lt;entry&gt;\n      &lt;string&gt;C&lt;/string&gt;\n      &lt;string&gt;40公里/小时&lt;/string&gt;\n    &lt;/entry&gt;\n    &lt;entry&gt;\n      &lt;string&gt;D&lt;/string&gt;\n      &lt;string&gt;50公里/小时&lt;/string&gt;\n    &lt;/entry&gt;\n  &lt;/choiceList&gt;\n  &lt;choiceImgList/&gt;\n&lt;/QuestionContent&gt;</content>\n    <answer>B</answer>\n    <analysis></analysis>\n    <questionTypeId>1</questionTypeId>\n    <referenceName></referenceName>\n    <pointName>驾校科目一理论考试 &gt; 安全行车、文明驾驶基础知识 &gt; \n		知识关键点：</pointName>\n    <fieldName>驾校科目一理论考试</fieldName>\n    <questionPoint>1.0</questionPoint>\n    <examingPoint></examingPoint>\n    <knowledgePointId>3</knowledgePointId>\n  </com.extr.controller.domain.QuestionQueryResult>\n  <com.extr.controller.domain.QuestionQueryResult>\n    <questionId>96</questionId>\n    <content>&lt;QuestionContent&gt;\n  &lt;title&gt;驾驶机动车通过窄路、窄桥时，最高速度不能超过多少？&lt;/title&gt;\n  &lt;titleImg&gt;&lt;/titleImg&gt;\n  &lt;choiceList&gt;\n    &lt;entry&gt;\n      &lt;string&gt;A&lt;/string&gt;\n      &lt;string&gt;60公里/小时&lt;/string&gt;\n    &lt;/entry&gt;\n    &lt;entry&gt;\n      &lt;string&gt;B&lt;/string&gt;\n      &lt;string&gt;50公里/小时&lt;/string&gt;\n    &lt;/entry&gt;\n    &lt;entry&gt;\n      &lt;string&gt;C&lt;/string&gt;\n      &lt;string&gt;40公里/小时&lt;/string&gt;\n    &lt;/entry&gt;\n    &lt;entry&gt;\n      &lt;string&gt;D&lt;/string&gt;\n      &lt;string&gt;30公里/小时&lt;/string&gt;\n    &lt;/entry&gt;\n  &lt;/choiceList&gt;\n  &lt;choiceImgList/&gt;\n&lt;/QuestionContent&gt;</content>\n    <answer>D</answer>\n    <analysis></analysis>\n    <questionTypeId>1</questionTypeId>\n    <referenceName></referenceName>\n    <pointName>驾校科目一理论考试 &gt; 安全行车、文明驾驶基础知识 &gt; \n		知识关键点：</pointName>\n    <fieldName>驾校科目一理论考试</fieldName>\n    <questionPoint>1.0</questionPoint>\n    <examingPoint></examingPoint>\n    <knowledgePointId>3</knowledgePointId>\n  </com.extr.controller.domain.QuestionQueryResult>\n  <com.extr.controller.domain.QuestionQueryResult>\n    <questionId>97</questionId>\n    <content>&lt;QuestionContent&gt;\n  &lt;title&gt;驾驶机动车下陡坡、转弯、掉头时，最高速度不能超过多少？&lt;/title&gt;\n  &lt;titleImg&gt;&lt;/titleImg&gt;\n  &lt;choiceList&gt;\n    &lt;entry&gt;\n      &lt;string&gt;A&lt;/string&gt;\n      &lt;string&gt;30公里/小时&lt;/string&gt;\n    &lt;/entry&gt;\n    &lt;entry&gt;\n      &lt;string&gt;B&lt;/string&gt;\n      &lt;string&gt;40公里/小时&lt;/string&gt;\n    &lt;/entry&gt;\n    &lt;entry&gt;\n      &lt;string&gt;C&lt;/string&gt;\n      &lt;string&gt;50公里/小时&lt;/string&gt;\n    &lt;/entry&gt;\n    &lt;entry&gt;\n      &lt;string&gt;D&lt;/string&gt;\n      &lt;string&gt;60公里/小时&lt;/string&gt;\n    &lt;/entry&gt;\n  &lt;/choiceList&gt;\n  &lt;choiceImgList/&gt;\n&lt;/QuestionContent&gt;</content>\n    <answer>A</answer>\n    <analysis></analysis>\n    <questionTypeId>1</questionTypeId>\n    <referenceName></referenceName>\n    <pointName>驾校科目一理论考试 &gt; 安全行车、文明驾驶基础知识 &gt; \n		知识关键点：</pointName>\n    <fieldName>驾校科目一理论考试</fieldName>\n    <questionPoint>1.0</questionPoint>\n    <examingPoint></examingPoint>\n    <knowledgePointId>3</knowledgePointId>\n  </com.extr.controller.domain.QuestionQueryResult>\n  <com.extr.controller.domain.QuestionQueryResult>\n    <questionId>98</questionId>\n    <content>&lt;QuestionContent&gt;\n  &lt;title&gt;驾驶机动车在冰雪道路行驶时，最高速度不能超过多少？&lt;/title&gt;\n  &lt;titleImg&gt;&lt;/titleImg&gt;\n  &lt;choiceList&gt;\n    &lt;entry&gt;\n      &lt;string&gt;A&lt;/string&gt;\n      &lt;string&gt;20公里/小时&lt;/string&gt;\n    &lt;/entry&gt;\n    &lt;entry&gt;\n      &lt;string&gt;B&lt;/string&gt;\n      &lt;string&gt;30公里/小时&lt;/string&gt;\n    &lt;/entry&gt;\n    &lt;entry&gt;\n      &lt;string&gt;C&lt;/string&gt;\n      &lt;string&gt;40公里/小时&lt;/string&gt;\n    &lt;/entry&gt;\n    &lt;entry&gt;\n      &lt;string&gt;D&lt;/string&gt;\n      &lt;string&gt;50公里/小时&lt;/string&gt;\n    &lt;/entry&gt;\n  &lt;/choiceList&gt;\n  &lt;choiceImgList/&gt;\n&lt;/QuestionContent&gt;</content>\n    <answer>B</answer>\n    <analysis></analysis>\n    <questionTypeId>1</questionTypeId>\n    <referenceName></referenceName>\n    <pointName>驾校科目一理论考试 &gt; 安全行车、文明驾驶基础知识 &gt; \n		知识关键点：</pointName>\n    <fieldName>驾校科目一理论考试</fieldName>\n    <questionPoint>1.0</questionPoint>\n    <examingPoint></examingPoint>\n    <knowledgePointId>3</knowledgePointId>\n  </com.extr.controller.domain.QuestionQueryResult>\n  <com.extr.controller.domain.QuestionQueryResult>\n    <questionId>99</questionId>\n    <content>&lt;QuestionContent&gt;\n  &lt;title&gt;驾驶机动车在泥泞道路行驶时，最高速度不能超过多少？&lt;/title&gt;\n  &lt;titleImg&gt;&lt;/titleImg&gt;\n  &lt;choiceList&gt;\n    &lt;entry&gt;\n      &lt;string&gt;A&lt;/string&gt;\n      &lt;string&gt;15公里/小时&lt;/string&gt;\n    &lt;/entry&gt;\n    &lt;entry&gt;\n      &lt;string&gt;B&lt;/string&gt;\n      &lt;string&gt;20公里/小时&lt;/string&gt;\n    &lt;/entry&gt;\n    &lt;entry&gt;\n      &lt;string&gt;C&lt;/string&gt;\n      &lt;string&gt;30公里/小时&lt;/string&gt;\n    &lt;/entry&gt;\n    &lt;entry&gt;\n      &lt;string&gt;D&lt;/string&gt;\n      &lt;string&gt;40公里/小时&lt;/string&gt;\n    &lt;/entry&gt;\n  &lt;/choiceList&gt;\n  &lt;choiceImgList/&gt;\n&lt;/QuestionContent&gt;</content>\n    <answer>C</answer>\n    <analysis></analysis>\n    <questionTypeId>1</questionTypeId>\n    <referenceName></referenceName>\n    <pointName>驾校科目一理论考试 &gt; 安全行车、文明驾驶基础知识 &gt; \n		知识关键点：</pointName>\n    <fieldName>驾校科目一理论考试</fieldName>\n    <questionPoint>1.0</questionPoint>\n    <examingPoint></examingPoint>\n    <knowledgePointId>3</knowledgePointId>\n  </com.extr.controller.domain.QuestionQueryResult>\n  <com.extr.controller.domain.QuestionQueryResult>\n    <questionId>106</questionId>\n    <content>&lt;QuestionContent&gt;\n  &lt;title&gt;这两辆车发生追尾的主要原因是什么？&lt;/title&gt;\n  &lt;titleImg&gt;files/question/admin/1419403857768.jpg&lt;/titleImg&gt;\n  &lt;choiceList&gt;\n    &lt;entry&gt;\n      &lt;string&gt;A&lt;/string&gt;\n      &lt;string&gt;后车未与前车保持安全距离&lt;/string&gt;\n    &lt;/entry&gt;\n    &lt;entry&gt;\n      &lt;string&gt;B&lt;/string&gt;\n      &lt;string&gt;后车超车时距离前车太近&lt;/string&gt;\n    &lt;/entry&gt;\n    &lt;entry&gt;\n      &lt;string&gt;C&lt;/string&gt;\n      &lt;string&gt;前车采取制动过急&lt;/string&gt;\n    &lt;/entry&gt;\n    &lt;entry&gt;\n      &lt;string&gt;D&lt;/string&gt;\n      &lt;string&gt;前车采取制动时没看后视镜&lt;/string&gt;\n    &lt;/entry&gt;\n  &lt;/choiceList&gt;\n  &lt;choiceImgList/&gt;\n&lt;/QuestionContent&gt;</content>\n    <answer>A</answer>\n    <analysis></analysis>\n    <questionTypeId>1</questionTypeId>\n    <referenceName></referenceName>\n    <pointName>驾校科目一理论考试 &gt; 安全行车、文明驾驶基础知识 &gt; \n		知识关键点：</pointName>\n    <fieldName>驾校科目一理论考试</fieldName>\n    <questionPoint>1.0</questionPoint>\n    <examingPoint></examingPoint>\n    <knowledgePointId>3</knowledgePointId>\n  </com.extr.controller.domain.QuestionQueryResult>\n  <com.extr.controller.domain.QuestionQueryResult>\n    <questionId>107</questionId>\n    <content>&lt;QuestionContent&gt;\n  &lt;title&gt;驾驶机动车在下列哪种情形下不能超越前车？&lt;/title&gt;\n  &lt;titleImg&gt;&lt;/titleImg&gt;\n  &lt;choiceList&gt;\n    &lt;entry&gt;\n      &lt;string&gt;A&lt;/string&gt;\n      &lt;string&gt;前车减速让行&lt;/string&gt;\n    &lt;/entry&gt;\n    &lt;entry&gt;\n      &lt;string&gt;B&lt;/string&gt;\n      &lt;string&gt;前车正在左转弯&lt;/string&gt;\n    &lt;/entry&gt;\n    &lt;entry&gt;\n      &lt;string&gt;C&lt;/string&gt;\n      &lt;string&gt;前车靠边停车&lt;/string&gt;\n    &lt;/entry&gt;\n    &lt;entry&gt;\n      &lt;string&gt;D&lt;/string&gt;\n      &lt;string&gt;前车正在右转弯&lt;/string&gt;\n    &lt;/entry&gt;\n  &lt;/choiceList&gt;\n  &lt;choiceImgList/&gt;\n&lt;/QuestionContent&gt;</content>\n    <answer>B</answer>\n    <analysis></analysis>\n    <questionTypeId>1</questionTypeId>\n    <referenceName></referenceName>\n    <pointName>驾校科目一理论考试 &gt; 安全行车、文明驾驶基础知识 &gt; \n		知识关键点：</pointName>\n    <fieldName>驾校科目一理论考试</fieldName>\n    <questionPoint>1.0</questionPoint>\n    <examingPoint></examingPoint>\n    <knowledgePointId>3</knowledgePointId>\n  </com.extr.controller.domain.QuestionQueryResult>\n  <com.extr.controller.domain.QuestionQueryResult>\n    <questionId>109</questionId>\n    <content>&lt;QuestionContent&gt;\n  &lt;title&gt;这种情况超车时，从前车的哪一侧超越？&lt;/title&gt;\n  &lt;titleImg&gt;files/question/admin/1419404007677.jpg&lt;/titleImg&gt;\n  &lt;choiceList&gt;\n    &lt;entry&gt;\n      &lt;string&gt;A&lt;/string&gt;\n      &lt;string&gt;从前车的右侧超越&lt;/string&gt;\n    &lt;/entry&gt;\n    &lt;entry&gt;\n      &lt;string&gt;B&lt;/string&gt;\n      &lt;string&gt;左右两侧均可超越&lt;/string&gt;\n    &lt;/entry&gt;\n    &lt;entry&gt;\n      &lt;string&gt;C&lt;/string&gt;\n      &lt;string&gt;从前车的左侧超越&lt;/string&gt;\n    &lt;/entry&gt;\n    &lt;entry&gt;\n      &lt;string&gt;D&lt;/string&gt;\n      &lt;string&gt;从无障碍一侧超越&lt;/string&gt;\n    &lt;/entry&gt;\n  &lt;/choiceList&gt;\n  &lt;choiceImgList/&gt;\n&lt;/QuestionContent&gt;</content>\n    <answer>C</answer>\n    <analysis></analysis>\n    <questionTypeId>1</questionTypeId>\n    <referenceName></referenceName>\n    <pointName>驾校科目一理论考试 &gt; 安全行车、文明驾驶基础知识 &gt; \n		知识关键点：</pointName>\n    <fieldName>驾校科目一理论考试</fieldName>\n    <questionPoint>1.0</questionPoint>\n    <examingPoint></examingPoint>\n    <knowledgePointId>3</knowledgePointId>\n  </com.extr.controller.domain.QuestionQueryResult>\n  <com.extr.controller.domain.QuestionQueryResult>\n    <questionId>110</questionId>\n    <content>&lt;QuestionContent&gt;\n  &lt;title&gt;同车道行驶的车辆遇前车有下列哪种情形时不得超车？&lt;/title&gt;\n  &lt;titleImg&gt;&lt;/titleImg&gt;\n  &lt;choiceList&gt;\n    &lt;entry&gt;\n      &lt;string&gt;A&lt;/string&gt;\n      &lt;string&gt;正在停车&lt;/string&gt;\n    &lt;/entry&gt;\n    &lt;entry&gt;\n      &lt;string&gt;B&lt;/string&gt;\n      &lt;string&gt;减速让行&lt;/string&gt;\n    &lt;/entry&gt;\n    &lt;entry&gt;\n      &lt;string&gt;C&lt;/string&gt;\n      &lt;string&gt;正常行驶&lt;/string&gt;\n    &lt;/entry&gt;\n    &lt;entry&gt;\n      &lt;string&gt;D&lt;/string&gt;\n      &lt;string&gt;正在超车&lt;/string&gt;\n    &lt;/entry&gt;\n  &lt;/choiceList&gt;\n  &lt;choiceImgList/&gt;\n&lt;/QuestionContent&gt;</content>\n    <answer>D</answer>\n    <analysis></analysis>\n    <questionTypeId>1</questionTypeId>\n    <referenceName></referenceName>\n    <pointName>驾校科目一理论考试 &gt; 安全行车、文明驾驶基础知识 &gt; \n		知识关键点：</pointName>\n    <fieldName>驾校科目一理论考试</fieldName>\n    <questionPoint>1.0</questionPoint>\n    <examingPoint></examingPoint>\n    <knowledgePointId>3</knowledgePointId>\n  </com.extr.controller.domain.QuestionQueryResult>\n  <com.extr.controller.domain.QuestionQueryResult>\n    <questionId>115</questionId>\n    <content>&lt;QuestionContent&gt;\n  &lt;title&gt;驾驶机动车行经市区下列哪种道路时不得超车？&lt;/title&gt;\n  &lt;titleImg&gt;&lt;/titleImg&gt;\n  &lt;choiceList&gt;\n    &lt;entry&gt;\n      &lt;string&gt;A&lt;/string&gt;\n      &lt;string&gt;主要街道&lt;/string&gt;\n    &lt;/entry&gt;\n    &lt;entry&gt;\n      &lt;string&gt;B&lt;/string&gt;\n      &lt;string&gt;单向行驶路段&lt;/string&gt;\n    &lt;/entry&gt;\n    &lt;entry&gt;\n      &lt;string&gt;C&lt;/string&gt;\n      &lt;string&gt;单向两条行车道&lt;/string&gt;\n    &lt;/entry&gt;\n    &lt;entry&gt;\n      &lt;string&gt;D&lt;/string&gt;\n      &lt;string&gt;交通流量大的路段&lt;/string&gt;\n    &lt;/entry&gt;\n  &lt;/choiceList&gt;\n  &lt;choiceImgList/&gt;\n&lt;/QuestionContent&gt;</content>\n    <answer>D</answer>\n    <analysis></analysis>\n    <questionTypeId>1</questionTypeId>\n    <referenceName></referenceName>\n    <pointName>驾校科目一理论考试 &gt; 安全行车、文明驾驶基础知识 &gt; \n		知识关键点：</pointName>\n    <fieldName>驾校科目一理论考试</fieldName>\n    <questionPoint>1.0</questionPoint>\n    <examingPoint></examingPoint>\n    <knowledgePointId>3</knowledgePointId>\n  </com.extr.controller.domain.QuestionQueryResult>\n  <com.extr.controller.domain.QuestionQueryResult>\n    <questionId>116</questionId>\n    <content>&lt;QuestionContent&gt;\n  &lt;title&gt;驾驶机动车行经下列哪种路段不得超车？&lt;/title&gt;\n  &lt;titleImg&gt;&lt;/titleImg&gt;\n  &lt;choiceList&gt;\n    &lt;entry&gt;\n      &lt;string&gt;A&lt;/string&gt;\n      &lt;string&gt;主要街道&lt;/string&gt;\n    &lt;/entry&gt;\n    &lt;entry&gt;\n      &lt;string&gt;B&lt;/string&gt;\n      &lt;string&gt;高架路&lt;/string&gt;\n    &lt;/entry&gt;\n    &lt;entry&gt;\n      &lt;string&gt;C&lt;/string&gt;\n      &lt;string&gt;人行横道&lt;/string&gt;\n    &lt;/entry&gt;\n    &lt;entry&gt;\n      &lt;string&gt;D&lt;/string&gt;\n      &lt;string&gt;环城高速&lt;/string&gt;\n    &lt;/entry&gt;\n  &lt;/choiceList&gt;\n  &lt;choiceImgList/&gt;\n&lt;/QuestionContent&gt;</content>\n    <answer>C</answer>\n    <analysis></analysis>\n    <questionTypeId>1</questionTypeId>\n    <referenceName></referenceName>\n    <pointName>驾校科目一理论考试 &gt; 安全行车、文明驾驶基础知识 &gt; \n		知识关键点：</pointName>\n    <fieldName>驾校科目一理论考试</fieldName>\n    <questionPoint>1.0</questionPoint>\n    <examingPoint></examingPoint>\n    <knowledgePointId>3</knowledgePointId>\n  </com.extr.controller.domain.QuestionQueryResult>\n  <com.extr.controller.domain.QuestionQueryResult>\n    <questionId>117</questionId>\n    <content>&lt;QuestionContent&gt;\n  &lt;title&gt;驾驶机动车行经下列哪种路段时不得超车？&lt;/title&gt;\n  &lt;titleImg&gt;&lt;/titleImg&gt;\n  &lt;choiceList&gt;\n    &lt;entry&gt;\n      &lt;string&gt;A&lt;/string&gt;\n      &lt;string&gt;高架路&lt;/string&gt;\n    &lt;/entry&gt;\n    &lt;entry&gt;\n      &lt;string&gt;B&lt;/string&gt;\n      &lt;string&gt;交叉路口&lt;/string&gt;\n    &lt;/entry&gt;\n    &lt;entry&gt;\n      &lt;string&gt;C&lt;/string&gt;\n      &lt;string&gt;环城高速&lt;/string&gt;\n    &lt;/entry&gt;\n    &lt;entry&gt;\n      &lt;string&gt;D&lt;/string&gt;\n      &lt;string&gt;中心街道&lt;/string&gt;\n    &lt;/entry&gt;\n  &lt;/choiceList&gt;\n  &lt;choiceImgList/&gt;\n&lt;/QuestionContent&gt;</content>\n    <answer>B</answer>\n    <analysis></analysis>\n    <questionTypeId>1</questionTypeId>\n    <referenceName></referenceName>\n    <pointName>驾校科目一理论考试 &gt; 安全行车、文明驾驶基础知识 &gt; \n		知识关键点：</pointName>\n    <fieldName>驾校科目一理论考试</fieldName>\n    <questionPoint>1.0</questionPoint>\n    <examingPoint></examingPoint>\n    <knowledgePointId>3</knowledgePointId>\n  </com.extr.controller.domain.QuestionQueryResult>\n  <com.extr.controller.domain.QuestionQueryResult>\n    <questionId>4</questionId>\n    <content>&lt;QuestionContent&gt;\n  &lt;title&gt;驾驶机动车违反道路交通安全法律法规发生交通事故属于交通违章行为。&lt;/title&gt;\n  &lt;titleImg&gt;&lt;/titleImg&gt;\n  &lt;choiceList/&gt;\n  &lt;choiceImgList/&gt;\n&lt;/QuestionContent&gt;</content>\n    <answer>F</answer>\n    <analysis></analysis>\n    <questionTypeId>3</questionTypeId>\n    <referenceName></referenceName>\n    <pointName>驾校科目一理论考试 &gt; 道路交通安全法律、法规和规章 &gt; \n		知识关键点：</pointName>\n    <fieldName>驾校科目一理论考试</fieldName>\n    <questionPoint>1.0</questionPoint>\n    <examingPoint></examingPoint>\n    <knowledgePointId>1</knowledgePointId>\n  </com.extr.controller.domain.QuestionQueryResult>\n  <com.extr.controller.domain.QuestionQueryResult>\n    <questionId>6</questionId>\n    <content>&lt;QuestionContent&gt;\n  &lt;title&gt;对未取得驾驶证驾驶机动车的，追究其法律责任。&lt;/title&gt;\n  &lt;titleImg&gt;&lt;/titleImg&gt;\n  &lt;choiceList/&gt;\n  &lt;choiceImgList/&gt;\n&lt;/QuestionContent&gt;</content>\n    <answer>T</answer>\n    <analysis></analysis>\n    <questionTypeId>3</questionTypeId>\n    <referenceName></referenceName>\n    <pointName>驾校科目一理论考试 &gt; 道路交通安全法律、法规和规章 &gt; \n		知识关键点：</pointName>\n    <fieldName>驾校科目一理论考试</fieldName>\n    <questionPoint>1.0</questionPoint>\n    <examingPoint></examingPoint>\n    <knowledgePointId>1</knowledgePointId>\n  </com.extr.controller.domain.QuestionQueryResult>\n  <com.extr.controller.domain.QuestionQueryResult>\n    <questionId>7</questionId>\n    <content>&lt;QuestionContent&gt;\n  &lt;title&gt;对违法驾驶发生重大交通事故且构成犯罪的，不追究其刑事责任。&lt;/title&gt;\n  &lt;titleImg&gt;&lt;/titleImg&gt;\n  &lt;choiceList/&gt;\n  &lt;choiceImgList/&gt;\n&lt;/QuestionContent&gt;</content>\n    <answer>F</answer>\n    <analysis></analysis>\n    <questionTypeId>3</questionTypeId>\n    <referenceName></referenceName>\n    <pointName>驾校科目一理论考试 &gt; 道路交通安全法律、法规和规章 &gt; \n		知识关键点：</pointName>\n    <fieldName>驾校科目一理论考试</fieldName>\n    <questionPoint>1.0</questionPoint>\n    <examingPoint></examingPoint>\n    <knowledgePointId>1</knowledgePointId>\n  </com.extr.controller.domain.QuestionQueryResult>\n  <com.extr.controller.domain.QuestionQueryResult>\n    <questionId>8</questionId>\n    <content>&lt;QuestionContent&gt;\n  &lt;title&gt;造成交通事故后逃逸且构成犯罪的驾驶人,将吊销驾驶证且终生不得重新取得驾驶证。&lt;/title&gt;\n  &lt;titleImg&gt;&lt;/titleImg&gt;\n  &lt;choiceList/&gt;\n  &lt;choiceImgList/&gt;\n&lt;/QuestionContent&gt;</content>\n    <answer>T</answer>\n    <analysis></analysis>\n    <questionTypeId>3</questionTypeId>\n    <referenceName></referenceName>\n    <pointName>驾校科目一理论考试 &gt; 道路交通安全法律、法规和规章 &gt; \n		知识关键点：</pointName>\n    <fieldName>驾校科目一理论考试</fieldName>\n    <questionPoint>1.0</questionPoint>\n    <examingPoint></examingPoint>\n    <knowledgePointId>1</knowledgePointId>\n  </com.extr.controller.domain.QuestionQueryResult>\n  <com.extr.controller.domain.QuestionQueryResult>\n    <questionId>9</questionId>\n    <content>&lt;QuestionContent&gt;\n  &lt;title&gt;驾驶机动车在道路上违反交通安全法规的行为属于违法行为。&lt;/title&gt;\n  &lt;titleImg&gt;&lt;/titleImg&gt;\n  &lt;choiceList/&gt;\n  &lt;choiceImgList/&gt;\n&lt;/QuestionContent&gt;</content>\n    <answer>T</answer>\n    <analysis></analysis>\n    <questionTypeId>3</questionTypeId>\n    <referenceName></referenceName>\n    <pointName>驾校科目一理论考试 &gt; 道路交通安全法律、法规和规章 &gt; \n		知识关键点：</pointName>\n    <fieldName>驾校科目一理论考试</fieldName>\n    <questionPoint>1.0</questionPoint>\n    <examingPoint></examingPoint>\n    <knowledgePointId>1</knowledgePointId>\n  </com.extr.controller.domain.QuestionQueryResult>\n  <com.extr.controller.domain.QuestionQueryResult>\n    <questionId>15</questionId>\n    <content>&lt;QuestionContent&gt;\n  &lt;title&gt;驾驶人要按照驾驶证载明的准驾车型驾驶车辆。&lt;/title&gt;\n  &lt;titleImg&gt;&lt;/titleImg&gt;\n  &lt;choiceList/&gt;\n  &lt;choiceImgList/&gt;\n&lt;/QuestionContent&gt;</content>\n    <answer>T</answer>\n    <analysis></analysis>\n    <questionTypeId>3</questionTypeId>\n    <referenceName></referenceName>\n    <pointName>驾校科目一理论考试 &gt; 道路交通安全法律、法规和规章 &gt; \n		知识关键点：</pointName>\n    <fieldName>驾校科目一理论考试</fieldName>\n    <questionPoint>1.0</questionPoint>\n    <examingPoint></examingPoint>\n    <knowledgePointId>1</knowledgePointId>\n  </com.extr.controller.domain.QuestionQueryResult>\n  <com.extr.controller.domain.QuestionQueryResult>\n    <questionId>16</questionId>\n    <content>&lt;QuestionContent&gt;\n  &lt;title&gt;上路行驶的机动车未随车携带身份证的，交通警察可依法扣留机动车。&lt;/title&gt;\n  &lt;titleImg&gt;&lt;/titleImg&gt;\n  &lt;choiceList/&gt;\n  &lt;choiceImgList/&gt;\n&lt;/QuestionContent&gt;</content>\n    <answer>F</answer>\n    <analysis></analysis>\n    <questionTypeId>3</questionTypeId>\n    <referenceName></referenceName>\n    <pointName>驾校科目一理论考试 &gt; 道路交通安全法律、法规和规章 &gt; \n		知识关键点：</pointName>\n    <fieldName>驾校科目一理论考试</fieldName>\n    <questionPoint>1.0</questionPoint>\n    <examingPoint></examingPoint>\n    <knowledgePointId>1</knowledgePointId>\n  </com.extr.controller.domain.QuestionQueryResult>\n  <com.extr.controller.domain.QuestionQueryResult>\n    <questionId>17</questionId>\n    <content>&lt;QuestionContent&gt;\n  &lt;title&gt;上路行驶的机动车未放置检验合格标志的，交通警察可依法扣留机动车。&lt;/title&gt;\n  &lt;titleImg&gt;&lt;/titleImg&gt;\n  &lt;choiceList/&gt;\n  &lt;choiceImgList/&gt;\n&lt;/QuestionContent&gt;</content>\n    <answer>T</answer>\n    <analysis></analysis>\n    <questionTypeId>3</questionTypeId>\n    <referenceName></referenceName>\n    <pointName>驾校科目一理论考试 &gt; 道路交通安全法律、法规和规章 &gt; \n		知识关键点：</pointName>\n    <fieldName>驾校科目一理论考试</fieldName>\n    <questionPoint>1.0</questionPoint>\n    <examingPoint></examingPoint>\n    <knowledgePointId>1</knowledgePointId>\n  </com.extr.controller.domain.QuestionQueryResult>\n  <com.extr.controller.domain.QuestionQueryResult>\n    <questionId>18</questionId>\n    <content>&lt;QuestionContent&gt;\n  &lt;title&gt;伪造、变造机动车驾驶证构成犯罪的将被依法追究刑事责任。&lt;/title&gt;\n  &lt;titleImg&gt;&lt;/titleImg&gt;\n  &lt;choiceList/&gt;\n  &lt;choiceImgList/&gt;\n&lt;/QuestionContent&gt;</content>\n    <answer>T</answer>\n    <analysis></analysis>\n    <questionTypeId>3</questionTypeId>\n    <referenceName></referenceName>\n    <pointName>驾校科目一理论考试 &gt; 道路交通安全法律、法规和规章 &gt; \n		知识关键点：</pointName>\n    <fieldName>驾校科目一理论考试</fieldName>\n    <questionPoint>1.0</questionPoint>\n    <examingPoint></examingPoint>\n    <knowledgePointId>1</knowledgePointId>\n  </com.extr.controller.domain.QuestionQueryResult>\n  <com.extr.controller.domain.QuestionQueryResult>\n    <questionId>19</questionId>\n    <content>&lt;QuestionContent&gt;\n  &lt;title&gt;机动车驾驶人在实习期内驾驶机动车不得牵引挂车。&lt;/title&gt;\n  &lt;titleImg&gt;&lt;/titleImg&gt;\n  &lt;choiceList/&gt;\n  &lt;choiceImgList/&gt;\n&lt;/QuestionContent&gt;</content>\n    <answer>T</answer>\n    <analysis></analysis>\n    <questionTypeId>3</questionTypeId>\n    <referenceName></referenceName>\n    <pointName>驾校科目一理论考试 &gt; 道路交通安全法律、法规和规章 &gt; \n		知识关键点：</pointName>\n    <fieldName>驾校科目一理论考试</fieldName>\n    <questionPoint>1.0</questionPoint>\n    <examingPoint></examingPoint>\n    <knowledgePointId>1</knowledgePointId>\n  </com.extr.controller.domain.QuestionQueryResult>\n  <com.extr.controller.domain.QuestionQueryResult>\n    <questionId>24</questionId>\n    <content>&lt;QuestionContent&gt;\n  &lt;title&gt;驾驶机动车上路前应当检查车辆安全技术性能。&lt;/title&gt;\n  &lt;titleImg&gt;&lt;/titleImg&gt;\n  &lt;choiceList/&gt;\n  &lt;choiceImgList/&gt;\n&lt;/QuestionContent&gt;</content>\n    <answer>T</answer>\n    <analysis></analysis>\n    <questionTypeId>3</questionTypeId>\n    <referenceName></referenceName>\n    <pointName>驾校科目一理论考试 &gt; 道路交通安全法律、法规和规章 &gt; \n		知识关键点：</pointName>\n    <fieldName>驾校科目一理论考试</fieldName>\n    <questionPoint>1.0</questionPoint>\n    <examingPoint></examingPoint>\n    <knowledgePointId>1</knowledgePointId>\n  </com.extr.controller.domain.QuestionQueryResult>\n  <com.extr.controller.domain.QuestionQueryResult>\n    <questionId>25</questionId>\n    <content>&lt;QuestionContent&gt;\n  &lt;title&gt;不得驾驶具有安全隐患的机动车上道路行驶。&lt;/title&gt;\n  &lt;titleImg&gt;&lt;/titleImg&gt;\n  &lt;choiceList/&gt;\n  &lt;choiceImgList/&gt;\n&lt;/QuestionContent&gt;</content>\n    <answer>T</answer>\n    <analysis></analysis>\n    <questionTypeId>3</questionTypeId>\n    <referenceName></referenceName>\n    <pointName>驾校科目一理论考试 &gt; 道路交通安全法律、法规和规章 &gt; \n		知识关键点：</pointName>\n    <fieldName>驾校科目一理论考试</fieldName>\n    <questionPoint>1.0</questionPoint>\n    <examingPoint></examingPoint>\n    <knowledgePointId>1</knowledgePointId>\n  </com.extr.controller.domain.QuestionQueryResult>\n  <com.extr.controller.domain.QuestionQueryResult>\n    <questionId>26</questionId>\n    <content>&lt;QuestionContent&gt;\n  &lt;title&gt;拼装的机动车只要认为安全就可以上路行驶。&lt;/title&gt;\n  &lt;titleImg&gt;&lt;/titleImg&gt;\n  &lt;choiceList/&gt;\n  &lt;choiceImgList/&gt;\n&lt;/QuestionContent&gt;</content>\n    <answer>F</answer>\n    <analysis></analysis>\n    <questionTypeId>3</questionTypeId>\n    <referenceName></referenceName>\n    <pointName>驾校科目一理论考试 &gt; 道路交通安全法律、法规和规章 &gt; \n		知识关键点：</pointName>\n    <fieldName>驾校科目一理论考试</fieldName>\n    <questionPoint>1.0</questionPoint>\n    <examingPoint></examingPoint>\n    <knowledgePointId>1</knowledgePointId>\n  </com.extr.controller.domain.QuestionQueryResult>\n  <com.extr.controller.domain.QuestionQueryResult>\n    <questionId>27</questionId>\n    <content>&lt;QuestionContent&gt;\n  &lt;title&gt;已经达到报废标准的机动车经大修后可以上路行驶。&lt;/title&gt;\n  &lt;titleImg&gt;&lt;/titleImg&gt;\n  &lt;choiceList/&gt;\n  &lt;choiceImgList/&gt;\n&lt;/QuestionContent&gt;</content>\n    <answer>F</answer>\n    <analysis></analysis>\n    <questionTypeId>3</questionTypeId>\n    <referenceName></referenceName>\n    <pointName>驾校科目一理论考试 &gt; 道路交通安全法律、法规和规章 &gt; \n		知识关键点：</pointName>\n    <fieldName>驾校科目一理论考试</fieldName>\n    <questionPoint>1.0</questionPoint>\n    <examingPoint></examingPoint>\n    <knowledgePointId>1</knowledgePointId>\n  </com.extr.controller.domain.QuestionQueryResult>\n  <com.extr.controller.domain.QuestionQueryResult>\n    <questionId>33</questionId>\n    <content>&lt;QuestionContent&gt;\n  &lt;title&gt;驾驶机动车上路行驶应当按规定悬挂号牌。&lt;/title&gt;\n  &lt;titleImg&gt;&lt;/titleImg&gt;\n  &lt;choiceList/&gt;\n  &lt;choiceImgList/&gt;\n&lt;/QuestionContent&gt;</content>\n    <answer>T</answer>\n    <analysis></analysis>\n    <questionTypeId>3</questionTypeId>\n    <referenceName></referenceName>\n    <pointName>驾校科目一理论考试 &gt; 道路交通安全法律、法规和规章 &gt; \n		知识关键点：</pointName>\n    <fieldName>驾校科目一理论考试</fieldName>\n    <questionPoint>1.0</questionPoint>\n    <examingPoint></examingPoint>\n    <knowledgePointId>1</knowledgePointId>\n  </com.extr.controller.domain.QuestionQueryResult>\n  <com.extr.controller.domain.QuestionQueryResult>\n    <questionId>34</questionId>\n    <content>&lt;QuestionContent&gt;\n  &lt;title&gt;驾驶这种机动车上路行驶没有违法行为。&lt;/title&gt;\n  &lt;titleImg&gt;files/question/admin/1419392222000.jpg&lt;/titleImg&gt;\n  &lt;choiceList/&gt;\n  &lt;choiceImgList/&gt;\n&lt;/QuestionContent&gt;</content>\n    <answer>F</answer>\n    <analysis></analysis>\n    <questionTypeId>3</questionTypeId>\n    <referenceName></referenceName>\n    <pointName>驾校科目一理论考试 &gt; 道路交通安全法律、法规和规章 &gt; \n		知识关键点：</pointName>\n    <fieldName>驾校科目一理论考试</fieldName>\n    <questionPoint>1.0</questionPoint>\n    <examingPoint></examingPoint>\n    <knowledgePointId>1</knowledgePointId>\n  </com.extr.controller.domain.QuestionQueryResult>\n  <com.extr.controller.domain.QuestionQueryResult>\n    <questionId>41</questionId>\n    <content>&lt;QuestionContent&gt;\n  &lt;title&gt;驾驶人在驾驶证丢失后3个月内还可以驾驶机动车。&lt;/title&gt;\n  &lt;titleImg&gt;&lt;/titleImg&gt;\n  &lt;choiceList/&gt;\n  &lt;choiceImgList/&gt;\n&lt;/QuestionContent&gt;</content>\n    <answer>F</answer>\n    <analysis></analysis>\n    <questionTypeId>3</questionTypeId>\n    <referenceName></referenceName>\n    <pointName>驾校科目一理论考试 &gt; 道路交通安全法律、法规和规章 &gt; \n		知识关键点：</pointName>\n    <fieldName>驾校科目一理论考试</fieldName>\n    <questionPoint>1.0</questionPoint>\n    <examingPoint></examingPoint>\n    <knowledgePointId>1</knowledgePointId>\n  </com.extr.controller.domain.QuestionQueryResult>\n  <com.extr.controller.domain.QuestionQueryResult>\n    <questionId>42</questionId>\n    <content>&lt;QuestionContent&gt;\n  &lt;title&gt;驾驶人持超过有效期的驾驶证可以在1年内驾驶机动车。&lt;/title&gt;\n  &lt;titleImg&gt;&lt;/titleImg&gt;\n  &lt;choiceList/&gt;\n  &lt;choiceImgList/&gt;\n&lt;/QuestionContent&gt;</content>\n    <answer>F</answer>\n    <analysis></analysis>\n    <questionTypeId>3</questionTypeId>\n    <referenceName></referenceName>\n    <pointName>驾校科目一理论考试 &gt; 道路交通安全法律、法规和规章 &gt; \n		知识关键点：</pointName>\n    <fieldName>驾校科目一理论考试</fieldName>\n    <questionPoint>1.0</questionPoint>\n    <examingPoint></examingPoint>\n    <knowledgePointId>1</knowledgePointId>\n  </com.extr.controller.domain.QuestionQueryResult>\n  <com.extr.controller.domain.QuestionQueryResult>\n    <questionId>43</questionId>\n    <content>&lt;QuestionContent&gt;\n  &lt;title&gt;驾驶人的驾驶证损毁后不得驾驶机动车。&lt;/title&gt;\n  &lt;titleImg&gt;&lt;/titleImg&gt;\n  &lt;choiceList/&gt;\n  &lt;choiceImgList/&gt;\n&lt;/QuestionContent&gt;</content>\n    <answer>T</answer>\n    <analysis></analysis>\n    <questionTypeId>3</questionTypeId>\n    <referenceName></referenceName>\n    <pointName>驾校科目一理论考试 &gt; 道路交通安全法律、法规和规章 &gt; \n		知识关键点：</pointName>\n    <fieldName>驾校科目一理论考试</fieldName>\n    <questionPoint>1.0</questionPoint>\n    <examingPoint></examingPoint>\n    <knowledgePointId>1</knowledgePointId>\n  </com.extr.controller.domain.QuestionQueryResult>\n  <com.extr.controller.domain.QuestionQueryResult>\n    <questionId>44</questionId>\n    <content>&lt;QuestionContent&gt;\n  &lt;title&gt;记分满12分的驾驶人拒不参加学习和考试的将被公告驾驶证停止使用。&lt;/title&gt;\n  &lt;titleImg&gt;&lt;/titleImg&gt;\n  &lt;choiceList/&gt;\n  &lt;choiceImgList/&gt;\n&lt;/QuestionContent&gt;</content>\n    <answer>T</answer>\n    <analysis></analysis>\n    <questionTypeId>3</questionTypeId>\n    <referenceName></referenceName>\n    <pointName>驾校科目一理论考试 &gt; 道路交通安全法律、法规和规章 &gt; \n		知识关键点：</pointName>\n    <fieldName>驾校科目一理论考试</fieldName>\n    <questionPoint>1.0</questionPoint>\n    <examingPoint></examingPoint>\n    <knowledgePointId>1</knowledgePointId>\n  </com.extr.controller.domain.QuestionQueryResult>\n  <com.extr.controller.domain.QuestionQueryResult>\n    <questionId>45</questionId>\n    <content>&lt;QuestionContent&gt;\n  &lt;title&gt;驾驶人的机动车驾驶证被依法扣留、暂扣的情况下不得驾驶机动车。&lt;/title&gt;\n  &lt;titleImg&gt;&lt;/titleImg&gt;\n  &lt;choiceList/&gt;\n  &lt;choiceImgList/&gt;\n&lt;/QuestionContent&gt;</content>\n    <answer>T</answer>\n    <analysis></analysis>\n    <questionTypeId>3</questionTypeId>\n    <referenceName></referenceName>\n    <pointName>驾校科目一理论考试 &gt; 道路交通安全法律、法规和规章 &gt; \n		知识关键点：</pointName>\n    <fieldName>驾校科目一理论考试</fieldName>\n    <questionPoint>1.0</questionPoint>\n    <examingPoint></examingPoint>\n    <knowledgePointId>1</knowledgePointId>\n  </com.extr.controller.domain.QuestionQueryResult>\n  <com.extr.controller.domain.QuestionQueryResult>\n    <questionId>49</questionId>\n    <content>&lt;QuestionContent&gt;\n  &lt;title&gt;交通信号包括交通信号灯、交通标志、交通标线和交通警察的指挥。&lt;/title&gt;\n  &lt;titleImg&gt;&lt;/titleImg&gt;\n  &lt;choiceList/&gt;\n  &lt;choiceImgList/&gt;\n&lt;/QuestionContent&gt;</content>\n    <answer>T</answer>\n    <analysis></analysis>\n    <questionTypeId>3</questionTypeId>\n    <referenceName></referenceName>\n    <pointName>驾校科目一理论考试 &gt; 道路交通信号 &gt; \n		知识关键点：</pointName>\n    <fieldName>驾校科目一理论考试</fieldName>\n    <questionPoint>1.0</questionPoint>\n    <examingPoint></examingPoint>\n    <knowledgePointId>2</knowledgePointId>\n  </com.extr.controller.domain.QuestionQueryResult>\n  <com.extr.controller.domain.QuestionQueryResult>\n    <questionId>50</questionId>\n    <content>&lt;QuestionContent&gt;\n  &lt;title&gt;交通标志和交通标线不属于交通信号。&lt;/title&gt;\n  &lt;titleImg&gt;&lt;/titleImg&gt;\n  &lt;choiceList/&gt;\n  &lt;choiceImgList/&gt;\n&lt;/QuestionContent&gt;</content>\n    <answer>F</answer>\n    <analysis></analysis>\n    <questionTypeId>3</questionTypeId>\n    <referenceName></referenceName>\n    <pointName>驾校科目一理论考试 &gt; 道路交通信号 &gt; \n		知识关键点：</pointName>\n    <fieldName>驾校科目一理论考试</fieldName>\n    <questionPoint>1.0</questionPoint>\n    <examingPoint></examingPoint>\n    <knowledgePointId>2</knowledgePointId>\n  </com.extr.controller.domain.QuestionQueryResult>\n  <com.extr.controller.domain.QuestionQueryResult>\n    <questionId>51</questionId>\n    <content>&lt;QuestionContent&gt;\n  &lt;title&gt;交通信号灯由红灯、绿灯和黄灯组成。&lt;/title&gt;\n  &lt;titleImg&gt;&lt;/titleImg&gt;\n  &lt;choiceList/&gt;\n  &lt;choiceImgList/&gt;\n&lt;/QuestionContent&gt;</content>\n    <answer>T</answer>\n    <analysis></analysis>\n    <questionTypeId>3</questionTypeId>\n    <referenceName></referenceName>\n    <pointName>驾校科目一理论考试 &gt; 道路交通信号 &gt; \n		知识关键点：</pointName>\n    <fieldName>驾校科目一理论考试</fieldName>\n    <questionPoint>1.0</questionPoint>\n    <examingPoint></examingPoint>\n    <knowledgePointId>2</knowledgePointId>\n  </com.extr.controller.domain.QuestionQueryResult>\n  <com.extr.controller.domain.QuestionQueryResult>\n    <questionId>52</questionId>\n    <content>&lt;QuestionContent&gt;\n  &lt;title&gt;道路交通标线分为指示标线、警告标线、禁止标线。&lt;/title&gt;\n  &lt;titleImg&gt;&lt;/titleImg&gt;\n  &lt;choiceList/&gt;\n  &lt;choiceImgList/&gt;\n&lt;/QuestionContent&gt;</content>\n    <answer>T</answer>\n    <analysis></analysis>\n    <questionTypeId>3</questionTypeId>\n    <referenceName></referenceName>\n    <pointName>驾校科目一理论考试 &gt; 道路交通信号 &gt; \n		知识关键点：</pointName>\n    <fieldName>驾校科目一理论考试</fieldName>\n    <questionPoint>1.0</questionPoint>\n    <examingPoint></examingPoint>\n    <knowledgePointId>2</knowledgePointId>\n  </com.extr.controller.domain.QuestionQueryResult>\n  <com.extr.controller.domain.QuestionQueryResult>\n    <questionId>61</questionId>\n    <content>&lt;QuestionContent&gt;\n  &lt;title&gt;在路口遇有交通信号灯和交通警察指挥不一致时，按照交通信号灯通行。&lt;/title&gt;\n  &lt;titleImg&gt;&lt;/titleImg&gt;\n  &lt;choiceList/&gt;\n  &lt;choiceImgList/&gt;\n&lt;/QuestionContent&gt;</content>\n    <answer>F</answer>\n    <analysis></analysis>\n    <questionTypeId>3</questionTypeId>\n    <referenceName></referenceName>\n    <pointName>驾校科目一理论考试 &gt; 道路交通信号 &gt; \n		知识关键点：</pointName>\n    <fieldName>驾校科目一理论考试</fieldName>\n    <questionPoint>1.0</questionPoint>\n    <examingPoint></examingPoint>\n    <knowledgePointId>2</knowledgePointId>\n  </com.extr.controller.domain.QuestionQueryResult>\n  <com.extr.controller.domain.QuestionQueryResult>\n    <questionId>62</questionId>\n    <content>&lt;QuestionContent&gt;\n  &lt;title&gt;在这种情况下可加速通过交叉路口。&lt;/title&gt;\n  &lt;titleImg&gt;files/question/admin/1419393546273.jpg&lt;/titleImg&gt;\n  &lt;choiceList/&gt;\n  &lt;choiceImgList/&gt;\n&lt;/QuestionContent&gt;</content>\n    <answer>F</answer>\n    <analysis></analysis>\n    <questionTypeId>3</questionTypeId>\n    <referenceName></referenceName>\n    <pointName>驾校科目一理论考试 &gt; 道路交通信号 &gt; \n		知识关键点：</pointName>\n    <fieldName>驾校科目一理论考试</fieldName>\n    <questionPoint>1.0</questionPoint>\n    <examingPoint></examingPoint>\n    <knowledgePointId>2</knowledgePointId>\n  </com.extr.controller.domain.QuestionQueryResult>\n  <com.extr.controller.domain.QuestionQueryResult>\n    <questionId>63</questionId>\n    <content>&lt;QuestionContent&gt;\n  &lt;title&gt;在路口这个位置时可以加速通过路口。&lt;/title&gt;\n  &lt;titleImg&gt;files/question/admin/1419393602691.jpg&lt;/titleImg&gt;\n  &lt;choiceList/&gt;\n  &lt;choiceImgList/&gt;\n&lt;/QuestionContent&gt;</content>\n    <answer>F</answer>\n    <analysis></analysis>\n    <questionTypeId>3</questionTypeId>\n    <referenceName></referenceName>\n    <pointName>驾校科目一理论考试 &gt; 道路交通信号 &gt; \n		知识关键点：</pointName>\n    <fieldName>驾校科目一理论考试</fieldName>\n    <questionPoint>1.0</questionPoint>\n    <examingPoint></examingPoint>\n    <knowledgePointId>2</knowledgePointId>\n  </com.extr.controller.domain.QuestionQueryResult>\n  <com.extr.controller.domain.QuestionQueryResult>\n    <questionId>64</questionId>\n    <content>&lt;QuestionContent&gt;\n  &lt;title&gt;驾驶机动车不能进入红色叉形灯或者红色箭头灯亮的车道。&lt;/title&gt;\n  &lt;titleImg&gt;&lt;/titleImg&gt;\n  &lt;choiceList/&gt;\n  &lt;choiceImgList/&gt;\n&lt;/QuestionContent&gt;</content>\n    <answer>T</answer>\n    <analysis></analysis>\n    <questionTypeId>3</questionTypeId>\n    <referenceName></referenceName>\n    <pointName>驾校科目一理论考试 &gt; 道路交通信号 &gt; \n		知识关键点：</pointName>\n    <fieldName>驾校科目一理论考试</fieldName>\n    <questionPoint>1.0</questionPoint>\n    <examingPoint></examingPoint>\n    <knowledgePointId>2</knowledgePointId>\n  </com.extr.controller.domain.QuestionQueryResult>\n  <com.extr.controller.domain.QuestionQueryResult>\n    <questionId>65</questionId>\n    <content>&lt;QuestionContent&gt;\n  &lt;title&gt;在这段路的最高时速为每小时50公里。&lt;/title&gt;\n  &lt;titleImg&gt;files/question/admin/1419393668510.jpg&lt;/titleImg&gt;\n  &lt;choiceList/&gt;\n  &lt;choiceImgList/&gt;\n&lt;/QuestionContent&gt;</content>\n    <answer>F</answer>\n    <analysis></analysis>\n    <questionTypeId>3</questionTypeId>\n    <referenceName></referenceName>\n    <pointName>驾校科目一理论考试 &gt; 道路交通信号 &gt; \n		知识关键点：</pointName>\n    <fieldName>驾校科目一理论考试</fieldName>\n    <questionPoint>1.0</questionPoint>\n    <examingPoint></examingPoint>\n    <knowledgePointId>2</knowledgePointId>\n  </com.extr.controller.domain.QuestionQueryResult>\n  <com.extr.controller.domain.QuestionQueryResult>\n    <questionId>74</questionId>\n    <content>&lt;QuestionContent&gt;\n  &lt;title&gt;驾驶机动车在道路上超车时可以不使用转向灯。&lt;/title&gt;\n  &lt;titleImg&gt;&lt;/titleImg&gt;\n  &lt;choiceList/&gt;\n  &lt;choiceImgList/&gt;\n&lt;/QuestionContent&gt;</content>\n    <answer>F</answer>\n    <analysis></analysis>\n    <questionTypeId>3</questionTypeId>\n    <referenceName></referenceName>\n    <pointName>驾校科目一理论考试 &gt; 安全行车、文明驾驶基础知识 &gt; \n		知识关键点：</pointName>\n    <fieldName>驾校科目一理论考试</fieldName>\n    <questionPoint>1.0</questionPoint>\n    <examingPoint></examingPoint>\n    <knowledgePointId>3</knowledgePointId>\n  </com.extr.controller.domain.QuestionQueryResult>\n  <com.extr.controller.domain.QuestionQueryResult>\n    <questionId>76</questionId>\n    <content>&lt;QuestionContent&gt;\n  &lt;title&gt;驾驶机动车在道路上掉头时提前开启左转向灯。&lt;/title&gt;\n  &lt;titleImg&gt;&lt;/titleImg&gt;\n  &lt;choiceList/&gt;\n  &lt;choiceImgList/&gt;\n&lt;/QuestionContent&gt;</content>\n    <answer>T</answer>\n    <analysis></analysis>\n    <questionTypeId>3</questionTypeId>\n    <referenceName></referenceName>\n    <pointName>驾校科目一理论考试 &gt; 安全行车、文明驾驶基础知识 &gt; \n		知识关键点：</pointName>\n    <fieldName>驾校科目一理论考试</fieldName>\n    <questionPoint>1.0</questionPoint>\n    <examingPoint></examingPoint>\n    <knowledgePointId>3</knowledgePointId>\n  </com.extr.controller.domain.QuestionQueryResult>\n  <com.extr.controller.domain.QuestionQueryResult>\n    <questionId>77</questionId>\n    <content>&lt;QuestionContent&gt;\n  &lt;title&gt;驾驶机动车在道路上向右变更车道可以不使用转向灯。&lt;/title&gt;\n  &lt;titleImg&gt;&lt;/titleImg&gt;\n  &lt;choiceList/&gt;\n  &lt;choiceImgList/&gt;\n&lt;/QuestionContent&gt;</content>\n    <answer>F</answer>\n    <analysis></analysis>\n    <questionTypeId>3</questionTypeId>\n    <referenceName></referenceName>\n    <pointName>驾校科目一理论考试 &gt; 安全行车、文明驾驶基础知识 &gt; \n		知识关键点：</pointName>\n    <fieldName>驾校科目一理论考试</fieldName>\n    <questionPoint>1.0</questionPoint>\n    <examingPoint></examingPoint>\n    <knowledgePointId>3</knowledgePointId>\n  </com.extr.controller.domain.QuestionQueryResult>\n  <com.extr.controller.domain.QuestionQueryResult>\n    <questionId>78</questionId>\n    <content>&lt;QuestionContent&gt;\n  &lt;title&gt;驾驶机动车在沙尘天气条件下行车不用开启前照灯、示廓灯和后位灯。&lt;/title&gt;\n  &lt;titleImg&gt;&lt;/titleImg&gt;\n  &lt;choiceList/&gt;\n  &lt;choiceImgList/&gt;\n&lt;/QuestionContent&gt;</content>\n    <answer>F</answer>\n    <analysis></analysis>\n    <questionTypeId>3</questionTypeId>\n    <referenceName></referenceName>\n    <pointName>驾校科目一理论考试 &gt; 安全行车、文明驾驶基础知识 &gt; \n		知识关键点：</pointName>\n    <fieldName>驾校科目一理论考试</fieldName>\n    <questionPoint>1.0</questionPoint>\n    <examingPoint></examingPoint>\n    <knowledgePointId>3</knowledgePointId>\n  </com.extr.controller.domain.QuestionQueryResult>\n  <com.extr.controller.domain.QuestionQueryResult>\n    <questionId>79</questionId>\n    <content>&lt;QuestionContent&gt;\n  &lt;title&gt;在这种环境里行车使用近光灯。&lt;/title&gt;\n  &lt;titleImg&gt;files/question/admin/1419402694847.jpg&lt;/titleImg&gt;\n  &lt;choiceList/&gt;\n  &lt;choiceImgList/&gt;\n&lt;/QuestionContent&gt;</content>\n    <answer>T</answer>\n    <analysis></analysis>\n    <questionTypeId>3</questionTypeId>\n    <referenceName></referenceName>\n    <pointName>驾校科目一理论考试 &gt; 安全行车、文明驾驶基础知识 &gt; \n		知识关键点：</pointName>\n    <fieldName>驾校科目一理论考试</fieldName>\n    <questionPoint>1.0</questionPoint>\n    <examingPoint></examingPoint>\n    <knowledgePointId>3</knowledgePointId>\n  </com.extr.controller.domain.QuestionQueryResult>\n  <com.extr.controller.domain.QuestionQueryResult>\n    <questionId>80</questionId>\n    <content>&lt;QuestionContent&gt;\n  &lt;title&gt;驾驶机动车在雾天行车开启雾灯和危险报警闪光灯。&lt;/title&gt;\n  &lt;titleImg&gt;&lt;/titleImg&gt;\n  &lt;choiceList/&gt;\n  &lt;choiceImgList/&gt;\n&lt;/QuestionContent&gt;</content>\n    <answer>T</answer>\n    <analysis></analysis>\n    <questionTypeId>3</questionTypeId>\n    <referenceName></referenceName>\n    <pointName>驾校科目一理论考试 &gt; 安全行车、文明驾驶基础知识 &gt; \n		知识关键点：</pointName>\n    <fieldName>驾校科目一理论考试</fieldName>\n    <questionPoint>1.0</questionPoint>\n    <examingPoint></examingPoint>\n    <knowledgePointId>3</knowledgePointId>\n  </com.extr.controller.domain.QuestionQueryResult>\n  <com.extr.controller.domain.QuestionQueryResult>\n    <questionId>82</questionId>\n    <content>&lt;QuestionContent&gt;\n  &lt;title&gt;夜间驾驶机动车通过人行横道时需要交替使用远近光灯。&lt;/title&gt;\n  &lt;titleImg&gt;&lt;/titleImg&gt;\n  &lt;choiceList/&gt;\n  &lt;choiceImgList/&gt;\n&lt;/QuestionContent&gt;</content>\n    <answer>T</answer>\n    <analysis></analysis>\n    <questionTypeId>3</questionTypeId>\n    <referenceName></referenceName>\n    <pointName>驾校科目一理论考试 &gt; 安全行车、文明驾驶基础知识 &gt; \n		知识关键点：</pointName>\n    <fieldName>驾校科目一理论考试</fieldName>\n    <questionPoint>1.0</questionPoint>\n    <examingPoint></examingPoint>\n    <knowledgePointId>3</knowledgePointId>\n  </com.extr.controller.domain.QuestionQueryResult>\n  <com.extr.controller.domain.QuestionQueryResult>\n    <questionId>83</questionId>\n    <content>&lt;QuestionContent&gt;\n  &lt;title&gt;驾驶机动车上坡时,在将要到达坡道顶端时要加速并鸣喇叭。&lt;/title&gt;\n  &lt;titleImg&gt;&lt;/titleImg&gt;\n  &lt;choiceList/&gt;\n  &lt;choiceImgList/&gt;\n&lt;/QuestionContent&gt;</content>\n    <answer>F</answer>\n    <analysis></analysis>\n    <questionTypeId>3</questionTypeId>\n    <referenceName></referenceName>\n    <pointName>驾校科目一理论考试 &gt; 安全行车、文明驾驶基础知识 &gt; \n		知识关键点：</pointName>\n    <fieldName>驾校科目一理论考试</fieldName>\n    <questionPoint>1.0</questionPoint>\n    <examingPoint></examingPoint>\n    <knowledgePointId>3</knowledgePointId>\n  </com.extr.controller.domain.QuestionQueryResult>\n  <com.extr.controller.domain.QuestionQueryResult>\n    <questionId>91</questionId>\n    <content>&lt;QuestionContent&gt;\n  &lt;title&gt;驾驶机动车遇到沙尘、冰雹、雨、雾、结冰等气象条件时应降低行驶速度。&lt;/title&gt;\n  &lt;titleImg&gt;&lt;/titleImg&gt;\n  &lt;choiceList/&gt;\n  &lt;choiceImgList/&gt;\n&lt;/QuestionContent&gt;</content>\n    <answer>T</answer>\n    <analysis></analysis>\n    <questionTypeId>3</questionTypeId>\n    <referenceName></referenceName>\n    <pointName>驾校科目一理论考试 &gt; 安全行车、文明驾驶基础知识 &gt; \n		知识关键点：</pointName>\n    <fieldName>驾校科目一理论考试</fieldName>\n    <questionPoint>1.0</questionPoint>\n    <examingPoint></examingPoint>\n    <knowledgePointId>3</knowledgePointId>\n  </com.extr.controller.domain.QuestionQueryResult>\n  <com.extr.controller.domain.QuestionQueryResult>\n    <questionId>100</questionId>\n    <content>&lt;QuestionContent&gt;\n  &lt;title&gt;驾驶机动车上道路行驶,不允许超过限速标志标明的最高时速。&lt;/title&gt;\n  &lt;titleImg&gt;&lt;/titleImg&gt;\n  &lt;choiceList/&gt;\n  &lt;choiceImgList/&gt;\n&lt;/QuestionContent&gt;</content>\n    <answer>T</answer>\n    <analysis></analysis>\n    <questionTypeId>3</questionTypeId>\n    <referenceName></referenceName>\n    <pointName>驾校科目一理论考试 &gt; 安全行车、文明驾驶基础知识 &gt; \n		知识关键点：</pointName>\n    <fieldName>驾校科目一理论考试</fieldName>\n    <questionPoint>1.0</questionPoint>\n    <examingPoint></examingPoint>\n    <knowledgePointId>3</knowledgePointId>\n  </com.extr.controller.domain.QuestionQueryResult>\n  <com.extr.controller.domain.QuestionQueryResult>\n    <questionId>101</questionId>\n    <content>&lt;QuestionContent&gt;\n  &lt;title&gt;驾驶机动车在没有中心线的城市道路上，最高速度不能超过每小时50公里。&lt;/title&gt;\n  &lt;titleImg&gt;&lt;/titleImg&gt;\n  &lt;choiceList/&gt;\n  &lt;choiceImgList/&gt;\n&lt;/QuestionContent&gt;</content>\n    <answer>F</answer>\n    <analysis></analysis>\n    <questionTypeId>3</questionTypeId>\n    <referenceName></referenceName>\n    <pointName>驾校科目一理论考试 &gt; 安全行车、文明驾驶基础知识 &gt; \n		知识关键点：</pointName>\n    <fieldName>驾校科目一理论考试</fieldName>\n    <questionPoint>1.0</questionPoint>\n    <examingPoint></examingPoint>\n    <knowledgePointId>3</knowledgePointId>\n  </com.extr.controller.domain.QuestionQueryResult>\n  <com.extr.controller.domain.QuestionQueryResult>\n    <questionId>103</questionId>\n    <content>&lt;QuestionContent&gt;\n  &lt;title&gt;车在这种条件的道路上，最高速度不能超过每小时50公里。&lt;/title&gt;\n  &lt;titleImg&gt;files/question/admin/1419403778471.jpg&lt;/titleImg&gt;\n  &lt;choiceList/&gt;\n  &lt;choiceImgList/&gt;\n&lt;/QuestionContent&gt;</content>\n    <answer>F</answer>\n    <analysis></analysis>\n    <questionTypeId>3</questionTypeId>\n    <referenceName></referenceName>\n    <pointName>驾校科目一理论考试 &gt; 安全行车、文明驾驶基础知识 &gt; \n		知识关键点：</pointName>\n    <fieldName>驾校科目一理论考试</fieldName>\n    <questionPoint>1.0</questionPoint>\n    <examingPoint></examingPoint>\n    <knowledgePointId>3</knowledgePointId>\n  </com.extr.controller.domain.QuestionQueryResult>\n  <com.extr.controller.domain.QuestionQueryResult>\n    <questionId>104</questionId>\n    <content>&lt;QuestionContent&gt;\n  &lt;title&gt;驾驶机动车掉头、转弯、下陡坡时的最高速度不能超过每小时40公里。&lt;/title&gt;\n  &lt;titleImg&gt;&lt;/titleImg&gt;\n  &lt;choiceList/&gt;\n  &lt;choiceImgList/&gt;\n&lt;/QuestionContent&gt;</content>\n    <answer>F</answer>\n    <analysis></analysis>\n    <questionTypeId>3</questionTypeId>\n    <referenceName></referenceName>\n    <pointName>驾校科目一理论考试 &gt; 安全行车、文明驾驶基础知识 &gt; \n		知识关键点：</pointName>\n    <fieldName>驾校科目一理论考试</fieldName>\n    <questionPoint>1.0</questionPoint>\n    <examingPoint></examingPoint>\n    <knowledgePointId>3</knowledgePointId>\n  </com.extr.controller.domain.QuestionQueryResult>\n  <com.extr.controller.domain.QuestionQueryResult>\n    <questionId>105</questionId>\n    <content>&lt;QuestionContent&gt;\n  &lt;title&gt;驾驶机动车通过窄路、窄桥时的最高速度不能超过每小时30公里。&lt;/title&gt;\n  &lt;titleImg&gt;&lt;/titleImg&gt;\n  &lt;choiceList/&gt;\n  &lt;choiceImgList/&gt;\n&lt;/QuestionContent&gt;</content>\n    <answer>T</answer>\n    <analysis></analysis>\n    <questionTypeId>3</questionTypeId>\n    <referenceName></referenceName>\n    <pointName>驾校科目一理论考试 &gt; 安全行车、文明驾驶基础知识 &gt; \n		知识关键点：</pointName>\n    <fieldName>驾校科目一理论考试</fieldName>\n    <questionPoint>1.0</questionPoint>\n    <examingPoint></examingPoint>\n    <knowledgePointId>3</knowledgePointId>\n  </com.extr.controller.domain.QuestionQueryResult>\n  <com.extr.controller.domain.QuestionQueryResult>\n    <questionId>120</questionId>\n    <content>&lt;QuestionContent&gt;\n  &lt;title&gt;遇到这种情况不能超车。&lt;/title&gt;\n  &lt;titleImg&gt;files/question/admin/1419404444736.jpg&lt;/titleImg&gt;\n  &lt;choiceList/&gt;\n  &lt;choiceImgList/&gt;\n&lt;/QuestionContent&gt;</content>\n    <answer>T</answer>\n    <analysis></analysis>\n    <questionTypeId>3</questionTypeId>\n    <referenceName></referenceName>\n    <pointName>驾校科目一理论考试 &gt; 安全行车、文明驾驶基础知识 &gt; \n		知识关键点：</pointName>\n    <fieldName>驾校科目一理论考试</fieldName>\n    <questionPoint>1.0</questionPoint>\n    <examingPoint></examingPoint>\n    <knowledgePointId>3</knowledgePointId>\n  </com.extr.controller.domain.QuestionQueryResult>\n  <com.extr.controller.domain.QuestionQueryResult>\n    <questionId>121</questionId>\n    <content>&lt;QuestionContent&gt;\n  &lt;title&gt;驾驶机动车超车应该提前开启左转向灯、变换使用远近光灯或鸣喇叭。&lt;/title&gt;\n  &lt;titleImg&gt;&lt;/titleImg&gt;\n  &lt;choiceList/&gt;\n  &lt;choiceImgList/&gt;\n&lt;/QuestionContent&gt;</content>\n    <answer>T</answer>\n    <analysis></analysis>\n    <questionTypeId>3</questionTypeId>\n    <referenceName></referenceName>\n    <pointName>驾校科目一理论考试 &gt; 安全行车、文明驾驶基础知识 &gt; \n		知识关键点：</pointName>\n    <fieldName>驾校科目一理论考试</fieldName>\n    <questionPoint>1.0</questionPoint>\n    <examingPoint></examingPoint>\n    <knowledgePointId>3</knowledgePointId>\n  </com.extr.controller.domain.QuestionQueryResult>\n  <com.extr.controller.domain.QuestionQueryResult>\n    <questionId>123</questionId>\n    <content>&lt;QuestionContent&gt;\n  &lt;title&gt;在道路上遇到这种情况可以从两侧超车。&lt;/title&gt;\n  &lt;titleImg&gt;files/question/admin/1419404509740.jpg&lt;/titleImg&gt;\n  &lt;choiceList/&gt;\n  &lt;choiceImgList/&gt;\n&lt;/QuestionContent&gt;</content>\n    <answer>F</answer>\n    <analysis></analysis>\n    <questionTypeId>3</questionTypeId>\n    <referenceName></referenceName>\n    <pointName>驾校科目一理论考试 &gt; 安全行车、文明驾驶基础知识 &gt; \n		知识关键点：</pointName>\n    <fieldName>驾校科目一理论考试</fieldName>\n    <questionPoint>1.0</questionPoint>\n    <examingPoint></examingPoint>\n    <knowledgePointId>3</knowledgePointId>\n  </com.extr.controller.domain.QuestionQueryResult>\n  <com.extr.controller.domain.QuestionQueryResult>\n    <questionId>124</questionId>\n    <content>&lt;QuestionContent&gt;\n  &lt;title&gt;在这种情况下可以加速通过人行横道。&lt;/title&gt;\n  &lt;titleImg&gt;files/question/admin/1419404553476.jpg&lt;/titleImg&gt;\n  &lt;choiceList/&gt;\n  &lt;choiceImgList/&gt;\n&lt;/QuestionContent&gt;</content>\n    <answer>F</answer>\n    <analysis></analysis>\n    <questionTypeId>3</questionTypeId>\n    <referenceName></referenceName>\n    <pointName>驾校科目一理论考试 &gt; 安全行车、文明驾驶基础知识 &gt; \n		知识关键点：</pointName>\n    <fieldName>驾校科目一理论考试</fieldName>\n    <questionPoint>1.0</questionPoint>\n    <examingPoint></examingPoint>\n    <knowledgePointId>3</knowledgePointId>\n  </com.extr.controller.domain.QuestionQueryResult>\n  <com.extr.controller.domain.QuestionQueryResult>\n    <questionId>126</questionId>\n    <content>&lt;QuestionContent&gt;\n  &lt;title&gt;驾驶机动车行经城市没有列车通过的铁路道口时允许超车。&lt;/title&gt;\n  &lt;titleImg&gt;&lt;/titleImg&gt;\n  &lt;choiceList/&gt;\n  &lt;choiceImgList/&gt;\n&lt;/QuestionContent&gt;</content>\n    <answer>F</answer>\n    <analysis></analysis>\n    <questionTypeId>3</questionTypeId>\n    <referenceName></referenceName>\n    <pointName>驾校科目一理论考试 &gt; 安全行车、文明驾驶基础知识 &gt; \n		知识关键点：</pointName>\n    <fieldName>驾校科目一理论考试</fieldName>\n    <questionPoint>1.0</questionPoint>\n    <examingPoint></examingPoint>\n    <knowledgePointId>3</knowledgePointId>\n  </com.extr.controller.domain.QuestionQueryResult>\n  <com.extr.controller.domain.QuestionQueryResult>\n    <questionId>127</questionId>\n    <content>&lt;QuestionContent&gt;\n  &lt;title&gt;驾驶机动车在隧道、陡坡等特殊路段不得超车。&lt;/title&gt;\n  &lt;titleImg&gt;&lt;/titleImg&gt;\n  &lt;choiceList/&gt;\n  &lt;choiceImgList/&gt;\n&lt;/QuestionContent&gt;</content>\n    <answer>T</answer>\n    <analysis></analysis>\n    <questionTypeId>3</questionTypeId>\n    <referenceName></referenceName>\n    <pointName>驾校科目一理论考试 &gt; 安全行车、文明驾驶基础知识 &gt; \n		知识关键点：</pointName>\n    <fieldName>驾校科目一理论考试</fieldName>\n    <questionPoint>1.0</questionPoint>\n    <examingPoint></examingPoint>\n    <knowledgePointId>3</knowledgePointId>\n  </com.extr.controller.domain.QuestionQueryResult>\n</list>', '60', '100', '90', '0', '0', '1', '2019-06-03 11:13:39', null, '0', null, 'admin', '2', '0');
INSERT INTO `et_exam_paper` VALUES ('2', '软件工程考试（1）', '<list>\n  <com.extr.controller.domain.QuestionQueryResult>\n    <questionId>1</questionId>\n    <content>&lt;QuestionContent&gt;\n  &lt;title&gt;驾驶机动车在道路上违反道路交通安全法的行为，属于什么行为？&lt;/title&gt;\n  &lt;titleImg&gt;&lt;/titleImg&gt;\n  &lt;choiceList&gt;\n    &lt;entry&gt;\n      &lt;string&gt;A&lt;/string&gt;\n      &lt;string&gt;违章行为&lt;/string&gt;\n    &lt;/entry&gt;\n    &lt;entry&gt;\n      &lt;string&gt;B&lt;/string&gt;\n      &lt;string&gt;违法行为&lt;/string&gt;\n    &lt;/entry&gt;\n    &lt;entry&gt;\n      &lt;string&gt;C&lt;/string&gt;\n      &lt;string&gt;过失行为&lt;/string&gt;\n    &lt;/entry&gt;\n    &lt;entry&gt;\n      &lt;string&gt;D&lt;/string&gt;\n      &lt;string&gt;违规行为&lt;/string&gt;\n    &lt;/entry&gt;\n  &lt;/choiceList&gt;\n  &lt;choiceImgList/&gt;\n&lt;/QuestionContent&gt;</content>\n    <answer>D</answer>\n    <analysis></analysis>\n    <questionTypeId>1</questionTypeId>\n    <referenceName></referenceName>\n    <pointName>驾校科目一理论考试 &gt; 道路交通安全法律、法规和规章 &gt; \n		知识关键点：</pointName>\n    <fieldName>驾校科目一理论考试</fieldName>\n    <questionPoint>1.0</questionPoint>\n    <examingPoint></examingPoint>\n    <knowledgePointId>1</knowledgePointId>\n  </com.extr.controller.domain.QuestionQueryResult>\n  <com.extr.controller.domain.QuestionQueryResult>\n    <questionId>2</questionId>\n    <content>&lt;QuestionContent&gt;\n  &lt;title&gt;机动车驾驶人违法驾驶造成重大交通事故构成犯罪的，依法追究什么责任？&lt;/title&gt;\n  &lt;titleImg&gt;&lt;/titleImg&gt;\n  &lt;choiceList&gt;\n    &lt;entry&gt;\n      &lt;string&gt;A&lt;/string&gt;\n      &lt;string&gt;刑事责任&lt;/string&gt;\n    &lt;/entry&gt;\n    &lt;entry&gt;\n      &lt;string&gt;B&lt;/string&gt;\n      &lt;string&gt;民事责任&lt;/string&gt;\n    &lt;/entry&gt;\n    &lt;entry&gt;\n      &lt;string&gt;C&lt;/string&gt;\n      &lt;string&gt;经济责任&lt;/string&gt;\n    &lt;/entry&gt;\n    &lt;entry&gt;\n      &lt;string&gt;D&lt;/string&gt;\n      &lt;string&gt;直接责任&lt;/string&gt;\n    &lt;/entry&gt;\n  &lt;/choiceList&gt;\n  &lt;choiceImgList/&gt;\n&lt;/QuestionContent&gt;</content>\n    <answer>A</answer>\n    <analysis></analysis>\n    <questionTypeId>1</questionTypeId>\n    <referenceName></referenceName>\n    <pointName>驾校科目一理论考试 &gt; 道路交通安全法律、法规和规章 &gt; \n		知识关键点：</pointName>\n    <fieldName>驾校科目一理论考试</fieldName>\n    <questionPoint>1.0</questionPoint>\n    <examingPoint></examingPoint>\n    <knowledgePointId>1</knowledgePointId>\n  </com.extr.controller.domain.QuestionQueryResult>\n  <com.extr.controller.domain.QuestionQueryResult>\n    <questionId>3</questionId>\n    <content>&lt;QuestionContent&gt;\n  &lt;title&gt;机动车驾驶人造成事故后逃逸构成犯罪的，吊销驾驶证且多长时间不得重新取得驾驶证？&lt;/title&gt;\n  &lt;titleImg&gt;&lt;/titleImg&gt;\n  &lt;choiceList&gt;\n    &lt;entry&gt;\n      &lt;string&gt;A&lt;/string&gt;\n      &lt;string&gt;5年内&lt;/string&gt;\n    &lt;/entry&gt;\n    &lt;entry&gt;\n      &lt;string&gt;B&lt;/string&gt;\n      &lt;string&gt;10年内&lt;/string&gt;\n    &lt;/entry&gt;\n    &lt;entry&gt;\n      &lt;string&gt;C&lt;/string&gt;\n      &lt;string&gt;终生&lt;/string&gt;\n    &lt;/entry&gt;\n    &lt;entry&gt;\n      &lt;string&gt;D&lt;/string&gt;\n      &lt;string&gt;20年内&lt;/string&gt;\n    &lt;/entry&gt;\n  &lt;/choiceList&gt;\n  &lt;choiceImgList/&gt;\n&lt;/QuestionContent&gt;</content>\n    <answer>C</answer>\n    <analysis></analysis>\n    <questionTypeId>1</questionTypeId>\n    <referenceName></referenceName>\n    <pointName>驾校科目一理论考试 &gt; 道路交通安全法律、法规和规章 &gt; \n		知识关键点：</pointName>\n    <fieldName>驾校科目一理论考试</fieldName>\n    <questionPoint>1.0</questionPoint>\n    <examingPoint></examingPoint>\n    <knowledgePointId>1</knowledgePointId>\n  </com.extr.controller.domain.QuestionQueryResult>\n  <com.extr.controller.domain.QuestionQueryResult>\n    <questionId>11</questionId>\n    <content>&lt;QuestionContent&gt;\n  &lt;title&gt;未取得驾驶证的学员在道路上学习驾驶技能，下列哪种做法是正确的？&lt;/title&gt;\n  &lt;titleImg&gt;&lt;/titleImg&gt;\n  &lt;choiceList&gt;\n    &lt;entry&gt;\n      &lt;string&gt;A&lt;/string&gt;\n      &lt;string&gt;使用所学车型的教练车由教练员随车指导&lt;/string&gt;\n    &lt;/entry&gt;\n    &lt;entry&gt;\n      &lt;string&gt;B&lt;/string&gt;\n      &lt;string&gt;使用所学车型的教练车单独驾驶学习&lt;/string&gt;\n    &lt;/entry&gt;\n    &lt;entry&gt;\n      &lt;string&gt;C&lt;/string&gt;\n      &lt;string&gt;使用私家车由教练员随车指导&lt;/string&gt;\n    &lt;/entry&gt;\n    &lt;entry&gt;\n      &lt;string&gt;D&lt;/string&gt;\n      &lt;string&gt;使用所学车型的教练车由非教练员的驾驶人随车指导&lt;/string&gt;\n    &lt;/entry&gt;\n  &lt;/choiceList&gt;\n  &lt;choiceImgList/&gt;\n&lt;/QuestionContent&gt;</content>\n    <answer>A</answer>\n    <analysis></analysis>\n    <questionTypeId>1</questionTypeId>\n    <referenceName></referenceName>\n    <pointName>驾校科目一理论考试 &gt; 道路交通安全法律、法规和规章 &gt; \n		知识关键点：</pointName>\n    <fieldName>驾校科目一理论考试</fieldName>\n    <questionPoint>1.0</questionPoint>\n    <examingPoint></examingPoint>\n    <knowledgePointId>1</knowledgePointId>\n  </com.extr.controller.domain.QuestionQueryResult>\n  <com.extr.controller.domain.QuestionQueryResult>\n    <questionId>12</questionId>\n    <content>&lt;QuestionContent&gt;\n  &lt;title&gt;机动车驾驶人初次申领驾驶证后的实习期是多长时间？&lt;/title&gt;\n  &lt;titleImg&gt;&lt;/titleImg&gt;\n  &lt;choiceList&gt;\n    &lt;entry&gt;\n      &lt;string&gt;A&lt;/string&gt;\n      &lt;string&gt;6个月&lt;/string&gt;\n    &lt;/entry&gt;\n    &lt;entry&gt;\n      &lt;string&gt;B&lt;/string&gt;\n      &lt;string&gt;12个月&lt;/string&gt;\n    &lt;/entry&gt;\n    &lt;entry&gt;\n      &lt;string&gt;C&lt;/string&gt;\n      &lt;string&gt;16个月&lt;/string&gt;\n    &lt;/entry&gt;\n    &lt;entry&gt;\n      &lt;string&gt;D&lt;/string&gt;\n      &lt;string&gt;18个月&lt;/string&gt;\n    &lt;/entry&gt;\n  &lt;/choiceList&gt;\n  &lt;choiceImgList/&gt;\n&lt;/QuestionContent&gt;</content>\n    <answer>B</answer>\n    <analysis></analysis>\n    <questionTypeId>1</questionTypeId>\n    <referenceName></referenceName>\n    <pointName>驾校科目一理论考试 &gt; 道路交通安全法律、法规和规章 &gt; \n		知识关键点：</pointName>\n    <fieldName>驾校科目一理论考试</fieldName>\n    <questionPoint>1.0</questionPoint>\n    <examingPoint></examingPoint>\n    <knowledgePointId>1</knowledgePointId>\n  </com.extr.controller.domain.QuestionQueryResult>\n  <com.extr.controller.domain.QuestionQueryResult>\n    <questionId>13</questionId>\n    <content>&lt;QuestionContent&gt;\n  &lt;title&gt;在实习期内驾驶机动车的，应当在车身后部粘贴或者悬挂哪种标志？&lt;/title&gt;\n  &lt;titleImg&gt;&lt;/titleImg&gt;\n  &lt;choiceList&gt;\n    &lt;entry&gt;\n      &lt;string&gt;A&lt;/string&gt;\n      &lt;string&gt;注意新手标志&lt;/string&gt;\n    &lt;/entry&gt;\n    &lt;entry&gt;\n      &lt;string&gt;B&lt;/string&gt;\n      &lt;string&gt;注意避让标志&lt;/string&gt;\n    &lt;/entry&gt;\n    &lt;entry&gt;\n      &lt;string&gt;C&lt;/string&gt;\n      &lt;string&gt;统一式样的实习标志&lt;/string&gt;\n    &lt;/entry&gt;\n    &lt;entry&gt;\n      &lt;string&gt;D&lt;/string&gt;\n      &lt;string&gt;注意车距标志&lt;/string&gt;\n    &lt;/entry&gt;\n  &lt;/choiceList&gt;\n  &lt;choiceImgList/&gt;\n&lt;/QuestionContent&gt;</content>\n    <answer>C</answer>\n    <analysis></analysis>\n    <questionTypeId>1</questionTypeId>\n    <referenceName></referenceName>\n    <pointName>驾校科目一理论考试 &gt; 道路交通安全法律、法规和规章 &gt; \n		知识关键点：</pointName>\n    <fieldName>驾校科目一理论考试</fieldName>\n    <questionPoint>1.0</questionPoint>\n    <examingPoint></examingPoint>\n    <knowledgePointId>1</knowledgePointId>\n  </com.extr.controller.domain.QuestionQueryResult>\n  <com.extr.controller.domain.QuestionQueryResult>\n    <questionId>14</questionId>\n    <content>&lt;QuestionContent&gt;\n  &lt;title&gt;以欺骗、贿赂等不正当手段取得驾驶证被依法撤销驾驶许可的，多长时间不得重新申请驾驶许可？&lt;/title&gt;\n  &lt;titleImg&gt;&lt;/titleImg&gt;\n  &lt;choiceList&gt;\n    &lt;entry&gt;\n      &lt;string&gt;A&lt;/string&gt;\n      &lt;string&gt;3年内&lt;/string&gt;\n    &lt;/entry&gt;\n    &lt;entry&gt;\n      &lt;string&gt;B&lt;/string&gt;\n      &lt;string&gt;终身&lt;/string&gt;\n    &lt;/entry&gt;\n    &lt;entry&gt;\n      &lt;string&gt;C&lt;/string&gt;\n      &lt;string&gt;1年内&lt;/string&gt;\n    &lt;/entry&gt;\n    &lt;entry&gt;\n      &lt;string&gt;D&lt;/string&gt;\n      &lt;string&gt;5年内&lt;/string&gt;\n    &lt;/entry&gt;\n  &lt;/choiceList&gt;\n  &lt;choiceImgList/&gt;\n&lt;/QuestionContent&gt;</content>\n    <answer>A</answer>\n    <analysis></analysis>\n    <questionTypeId>1</questionTypeId>\n    <referenceName></referenceName>\n    <pointName>驾校科目一理论考试 &gt; 道路交通安全法律、法规和规章 &gt; \n		知识关键点：</pointName>\n    <fieldName>驾校科目一理论考试</fieldName>\n    <questionPoint>1.0</questionPoint>\n    <examingPoint></examingPoint>\n    <knowledgePointId>1</knowledgePointId>\n  </com.extr.controller.domain.QuestionQueryResult>\n  <com.extr.controller.domain.QuestionQueryResult>\n    <questionId>20</questionId>\n    <content>&lt;QuestionContent&gt;\n  &lt;title&gt;驾驶拼装机动车上路行驶的驾驶人，除按规定接受罚款外，还要受到哪种处理？&lt;/title&gt;\n  &lt;titleImg&gt;&lt;/titleImg&gt;\n  &lt;choiceList&gt;\n    &lt;entry&gt;\n      &lt;string&gt;A&lt;/string&gt;\n      &lt;string&gt;处10日以下拘留&lt;/string&gt;\n    &lt;/entry&gt;\n    &lt;entry&gt;\n      &lt;string&gt;B&lt;/string&gt;\n      &lt;string&gt;暂扣驾驶证&lt;/string&gt;\n    &lt;/entry&gt;\n    &lt;entry&gt;\n      &lt;string&gt;C&lt;/string&gt;\n      &lt;string&gt;吊销驾驶证&lt;/string&gt;\n    &lt;/entry&gt;\n    &lt;entry&gt;\n      &lt;string&gt;D&lt;/string&gt;\n      &lt;string&gt;追究刑事责任&lt;/string&gt;\n    &lt;/entry&gt;\n  &lt;/choiceList&gt;\n  &lt;choiceImgList/&gt;\n&lt;/QuestionContent&gt;</content>\n    <answer>C</answer>\n    <analysis></analysis>\n    <questionTypeId>1</questionTypeId>\n    <referenceName></referenceName>\n    <pointName>驾校科目一理论考试 &gt; 道路交通安全法律、法规和规章 &gt; \n		知识关键点：</pointName>\n    <fieldName>驾校科目一理论考试</fieldName>\n    <questionPoint>1.0</questionPoint>\n    <examingPoint></examingPoint>\n    <knowledgePointId>1</knowledgePointId>\n  </com.extr.controller.domain.QuestionQueryResult>\n  <com.extr.controller.domain.QuestionQueryResult>\n    <questionId>21</questionId>\n    <content>&lt;QuestionContent&gt;\n  &lt;title&gt;驾驶报废机动车上路行驶的驾驶人，除按规定罚款外，还要受到哪种处理？&lt;/title&gt;\n  &lt;titleImg&gt;&lt;/titleImg&gt;\n  &lt;choiceList&gt;\n    &lt;entry&gt;\n      &lt;string&gt;A&lt;/string&gt;\n      &lt;string&gt;撤销驾驶许可&lt;/string&gt;\n    &lt;/entry&gt;\n    &lt;entry&gt;\n      &lt;string&gt;B&lt;/string&gt;\n      &lt;string&gt;收缴驾驶证&lt;/string&gt;\n    &lt;/entry&gt;\n    &lt;entry&gt;\n      &lt;string&gt;C&lt;/string&gt;\n      &lt;string&gt;强制恢复车况&lt;/string&gt;\n    &lt;/entry&gt;\n    &lt;entry&gt;\n      &lt;string&gt;D&lt;/string&gt;\n      &lt;string&gt;吊销驾驶证&lt;/string&gt;\n    &lt;/entry&gt;\n  &lt;/choiceList&gt;\n  &lt;choiceImgList/&gt;\n&lt;/QuestionContent&gt;</content>\n    <answer>D</answer>\n    <analysis></analysis>\n    <questionTypeId>1</questionTypeId>\n    <referenceName></referenceName>\n    <pointName>驾校科目一理论考试 &gt; 道路交通安全法律、法规和规章 &gt; \n		知识关键点：</pointName>\n    <fieldName>驾校科目一理论考试</fieldName>\n    <questionPoint>1.0</questionPoint>\n    <examingPoint></examingPoint>\n    <knowledgePointId>1</knowledgePointId>\n  </com.extr.controller.domain.QuestionQueryResult>\n  <com.extr.controller.domain.QuestionQueryResult>\n    <questionId>22</questionId>\n    <content>&lt;QuestionContent&gt;\n  &lt;title&gt;对驾驶已达到报废标准的机动车上路行驶的驾驶人，会受到下列哪种处罚？&lt;/title&gt;\n  &lt;titleImg&gt;&lt;/titleImg&gt;\n  &lt;choiceList&gt;\n    &lt;entry&gt;\n      &lt;string&gt;A&lt;/string&gt;\n      &lt;string&gt;处15日以下拘留&lt;/string&gt;\n    &lt;/entry&gt;\n    &lt;entry&gt;\n      &lt;string&gt;B&lt;/string&gt;\n      &lt;string&gt;吊销机动车驾驶证&lt;/string&gt;\n    &lt;/entry&gt;\n    &lt;entry&gt;\n      &lt;string&gt;C&lt;/string&gt;\n      &lt;string&gt;处20以上200元以下罚款&lt;/string&gt;\n    &lt;/entry&gt;\n    &lt;entry&gt;\n      &lt;string&gt;D&lt;/string&gt;\n      &lt;string&gt;追究刑事责任&lt;/string&gt;\n    &lt;/entry&gt;\n  &lt;/choiceList&gt;\n  &lt;choiceImgList/&gt;\n&lt;/QuestionContent&gt;</content>\n    <answer>B</answer>\n    <analysis></analysis>\n    <questionTypeId>1</questionTypeId>\n    <referenceName></referenceName>\n    <pointName>驾校科目一理论考试 &gt; 道路交通安全法律、法规和规章 &gt; \n		知识关键点：</pointName>\n    <fieldName>驾校科目一理论考试</fieldName>\n    <questionPoint>1.0</questionPoint>\n    <examingPoint></examingPoint>\n    <knowledgePointId>1</knowledgePointId>\n  </com.extr.controller.domain.QuestionQueryResult>\n  <com.extr.controller.domain.QuestionQueryResult>\n    <questionId>23</questionId>\n    <content>&lt;QuestionContent&gt;\n  &lt;title&gt;对驾驶拼装机动车上路行驶的驾驶人，会受到下列哪种处罚？&lt;/title&gt;\n  &lt;titleImg&gt;&lt;/titleImg&gt;\n  &lt;choiceList&gt;\n    &lt;entry&gt;\n      &lt;string&gt;A&lt;/string&gt;\n      &lt;string&gt;处15日以下拘留&lt;/string&gt;\n    &lt;/entry&gt;\n    &lt;entry&gt;\n      &lt;string&gt;B&lt;/string&gt;\n      &lt;string&gt;依法追究刑事责任&lt;/string&gt;\n    &lt;/entry&gt;\n    &lt;entry&gt;\n      &lt;string&gt;C&lt;/string&gt;\n      &lt;string&gt;处200以上2000元以下罚款&lt;/string&gt;\n    &lt;/entry&gt;\n    &lt;entry&gt;\n      &lt;string&gt;D&lt;/string&gt;\n      &lt;string&gt;吊销机动车行驶证&lt;/string&gt;\n    &lt;/entry&gt;\n  &lt;/choiceList&gt;\n  &lt;choiceImgList/&gt;\n&lt;/QuestionContent&gt;</content>\n    <answer>C</answer>\n    <analysis></analysis>\n    <questionTypeId>1</questionTypeId>\n    <referenceName></referenceName>\n    <pointName>驾校科目一理论考试 &gt; 道路交通安全法律、法规和规章 &gt; \n		知识关键点：</pointName>\n    <fieldName>驾校科目一理论考试</fieldName>\n    <questionPoint>1.0</questionPoint>\n    <examingPoint></examingPoint>\n    <knowledgePointId>1</knowledgePointId>\n  </com.extr.controller.domain.QuestionQueryResult>\n  <com.extr.controller.domain.QuestionQueryResult>\n    <questionId>28</questionId>\n    <content>&lt;QuestionContent&gt;\n  &lt;title&gt;驾驶这种机动车上路行驶属于什么行为？&lt;/title&gt;\n  &lt;titleImg&gt;files/question/admin/1419391810979.jpg&lt;/titleImg&gt;\n  &lt;choiceList&gt;\n    &lt;entry&gt;\n      &lt;string&gt;A&lt;/string&gt;\n      &lt;string&gt;违规行为&lt;/string&gt;\n    &lt;/entry&gt;\n    &lt;entry&gt;\n      &lt;string&gt;B&lt;/string&gt;\n      &lt;string&gt;违章行为&lt;/string&gt;\n    &lt;/entry&gt;\n    &lt;entry&gt;\n      &lt;string&gt;C&lt;/string&gt;\n      &lt;string&gt;违法行为&lt;/string&gt;\n    &lt;/entry&gt;\n    &lt;entry&gt;\n      &lt;string&gt;D&lt;/string&gt;\n      &lt;string&gt;犯罪行为&lt;/string&gt;\n    &lt;/entry&gt;\n  &lt;/choiceList&gt;\n  &lt;choiceImgList/&gt;\n&lt;/QuestionContent&gt;</content>\n    <answer>C</answer>\n    <analysis></analysis>\n    <questionTypeId>1</questionTypeId>\n    <referenceName></referenceName>\n    <pointName>驾校科目一理论考试 &gt; 道路交通安全法律、法规和规章 &gt; \n		知识关键点：</pointName>\n    <fieldName>驾校科目一理论考试</fieldName>\n    <questionPoint>1.0</questionPoint>\n    <examingPoint></examingPoint>\n    <knowledgePointId>1</knowledgePointId>\n  </com.extr.controller.domain.QuestionQueryResult>\n  <com.extr.controller.domain.QuestionQueryResult>\n    <questionId>29</questionId>\n    <content>&lt;QuestionContent&gt;\n  &lt;title&gt;下列哪种标志是驾驶机动车上路行驶应当在车上放置的标志？&lt;/title&gt;\n  &lt;titleImg&gt;&lt;/titleImg&gt;\n  &lt;choiceList&gt;\n    &lt;entry&gt;\n      &lt;string&gt;A&lt;/string&gt;\n      &lt;string&gt;产品合格标志&lt;/string&gt;\n    &lt;/entry&gt;\n    &lt;entry&gt;\n      &lt;string&gt;B&lt;/string&gt;\n      &lt;string&gt;保持车距标志&lt;/string&gt;\n    &lt;/entry&gt;\n    &lt;entry&gt;\n      &lt;string&gt;C&lt;/string&gt;\n      &lt;string&gt;提醒危险标志&lt;/string&gt;\n    &lt;/entry&gt;\n    &lt;entry&gt;\n      &lt;string&gt;D&lt;/string&gt;\n      &lt;string&gt;检验合格标志&lt;/string&gt;\n    &lt;/entry&gt;\n  &lt;/choiceList&gt;\n  &lt;choiceImgList/&gt;\n&lt;/QuestionContent&gt;</content>\n    <answer>D</answer>\n    <analysis></analysis>\n    <questionTypeId>1</questionTypeId>\n    <referenceName></referenceName>\n    <pointName>驾校科目一理论考试 &gt; 道路交通安全法律、法规和规章 &gt; \n		知识关键点：</pointName>\n    <fieldName>驾校科目一理论考试</fieldName>\n    <questionPoint>1.0</questionPoint>\n    <examingPoint></examingPoint>\n    <knowledgePointId>1</knowledgePointId>\n  </com.extr.controller.domain.QuestionQueryResult>\n  <com.extr.controller.domain.QuestionQueryResult>\n    <questionId>30</questionId>\n    <content>&lt;QuestionContent&gt;\n  &lt;title&gt;下列哪种证件是驾驶机动车上路行驶应当随车携带？&lt;/title&gt;\n  &lt;titleImg&gt;&lt;/titleImg&gt;\n  &lt;choiceList&gt;\n    &lt;entry&gt;\n      &lt;string&gt;A&lt;/string&gt;\n      &lt;string&gt;机动车登记证&lt;/string&gt;\n    &lt;/entry&gt;\n    &lt;entry&gt;\n      &lt;string&gt;B&lt;/string&gt;\n      &lt;string&gt;机动车保险单&lt;/string&gt;\n    &lt;/entry&gt;\n    &lt;entry&gt;\n      &lt;string&gt;C&lt;/string&gt;\n      &lt;string&gt;机动车行驶证&lt;/string&gt;\n    &lt;/entry&gt;\n    &lt;entry&gt;\n      &lt;string&gt;D&lt;/string&gt;\n      &lt;string&gt;出厂合格证明&lt;/string&gt;\n    &lt;/entry&gt;\n  &lt;/choiceList&gt;\n  &lt;choiceImgList/&gt;\n&lt;/QuestionContent&gt;</content>\n    <answer>C</answer>\n    <analysis></analysis>\n    <questionTypeId>1</questionTypeId>\n    <referenceName></referenceName>\n    <pointName>驾校科目一理论考试 &gt; 道路交通安全法律、法规和规章 &gt; \n		知识关键点：</pointName>\n    <fieldName>驾校科目一理论考试</fieldName>\n    <questionPoint>1.0</questionPoint>\n    <examingPoint></examingPoint>\n    <knowledgePointId>1</knowledgePointId>\n  </com.extr.controller.domain.QuestionQueryResult>\n  <com.extr.controller.domain.QuestionQueryResult>\n    <questionId>31</questionId>\n    <content>&lt;QuestionContent&gt;\n  &lt;title&gt;驾驶人在下列哪种情况下不能驾驶机动车？&lt;/title&gt;\n  &lt;titleImg&gt;&lt;/titleImg&gt;\n  &lt;choiceList&gt;\n    &lt;entry&gt;\n      &lt;string&gt;A&lt;/string&gt;\n      &lt;string&gt;饮酒后&lt;/string&gt;\n    &lt;/entry&gt;\n    &lt;entry&gt;\n      &lt;string&gt;B&lt;/string&gt;\n      &lt;string&gt;喝茶后&lt;/string&gt;\n    &lt;/entry&gt;\n    &lt;entry&gt;\n      &lt;string&gt;C&lt;/string&gt;\n      &lt;string&gt;喝咖啡后&lt;/string&gt;\n    &lt;/entry&gt;\n    &lt;entry&gt;\n      &lt;string&gt;D&lt;/string&gt;\n      &lt;string&gt;喝牛奶后&lt;/string&gt;\n    &lt;/entry&gt;\n  &lt;/choiceList&gt;\n  &lt;choiceImgList/&gt;\n&lt;/QuestionContent&gt;</content>\n    <answer>A</answer>\n    <analysis></analysis>\n    <questionTypeId>1</questionTypeId>\n    <referenceName></referenceName>\n    <pointName>驾校科目一理论考试 &gt; 道路交通安全法律、法规和规章 &gt; \n		知识关键点：</pointName>\n    <fieldName>驾校科目一理论考试</fieldName>\n    <questionPoint>1.0</questionPoint>\n    <examingPoint></examingPoint>\n    <knowledgePointId>1</knowledgePointId>\n  </com.extr.controller.domain.QuestionQueryResult>\n  <com.extr.controller.domain.QuestionQueryResult>\n    <questionId>32</questionId>\n    <content>&lt;QuestionContent&gt;\n  &lt;title&gt;这辆在道路上行驶的机动车有下列哪种违法行为？&lt;/title&gt;\n  &lt;titleImg&gt;files/question/admin/1419392147793.jpg&lt;/titleImg&gt;\n  &lt;choiceList&gt;\n    &lt;entry&gt;\n      &lt;string&gt;A&lt;/string&gt;\n      &lt;string&gt;逆向行驶&lt;/string&gt;\n    &lt;/entry&gt;\n    &lt;entry&gt;\n      &lt;string&gt;B&lt;/string&gt;\n      &lt;string&gt;未按规定悬挂号牌&lt;/string&gt;\n    &lt;/entry&gt;\n    &lt;entry&gt;\n      &lt;string&gt;C&lt;/string&gt;\n      &lt;string&gt;故意遮挡号牌&lt;/string&gt;\n    &lt;/entry&gt;\n    &lt;entry&gt;\n      &lt;string&gt;D&lt;/string&gt;\n      &lt;string&gt;占用非机动车道&lt;/string&gt;\n    &lt;/entry&gt;\n  &lt;/choiceList&gt;\n  &lt;choiceImgList/&gt;\n&lt;/QuestionContent&gt;</content>\n    <answer>C</answer>\n    <analysis></analysis>\n    <questionTypeId>1</questionTypeId>\n    <referenceName></referenceName>\n    <pointName>驾校科目一理论考试 &gt; 道路交通安全法律、法规和规章 &gt; \n		知识关键点：</pointName>\n    <fieldName>驾校科目一理论考试</fieldName>\n    <questionPoint>1.0</questionPoint>\n    <examingPoint></examingPoint>\n    <knowledgePointId>1</knowledgePointId>\n  </com.extr.controller.domain.QuestionQueryResult>\n  <com.extr.controller.domain.QuestionQueryResult>\n    <questionId>37</questionId>\n    <content>&lt;QuestionContent&gt;\n  &lt;title&gt;公安交通管理部门对驾驶人的交通违法行为除依法给予行政处罚外,实行下列哪种制度？&lt;/title&gt;\n  &lt;titleImg&gt;&lt;/titleImg&gt;\n  &lt;choiceList&gt;\n    &lt;entry&gt;\n      &lt;string&gt;A&lt;/string&gt;\n      &lt;string&gt;违法登记制度&lt;/string&gt;\n    &lt;/entry&gt;\n    &lt;entry&gt;\n      &lt;string&gt;B&lt;/string&gt;\n      &lt;string&gt;奖励里程制度&lt;/string&gt;\n    &lt;/entry&gt;\n    &lt;entry&gt;\n      &lt;string&gt;C&lt;/string&gt;\n      &lt;string&gt;累积记分制度&lt;/string&gt;\n    &lt;/entry&gt;\n    &lt;entry&gt;\n      &lt;string&gt;D&lt;/string&gt;\n      &lt;string&gt;强制报废制度&lt;/string&gt;\n    &lt;/entry&gt;\n  &lt;/choiceList&gt;\n  &lt;choiceImgList/&gt;\n&lt;/QuestionContent&gt;</content>\n    <answer>C</answer>\n    <analysis></analysis>\n    <questionTypeId>1</questionTypeId>\n    <referenceName></referenceName>\n    <pointName>驾校科目一理论考试 &gt; 道路交通安全法律、法规和规章 &gt; \n		知识关键点：</pointName>\n    <fieldName>驾校科目一理论考试</fieldName>\n    <questionPoint>1.0</questionPoint>\n    <examingPoint></examingPoint>\n    <knowledgePointId>1</knowledgePointId>\n  </com.extr.controller.domain.QuestionQueryResult>\n  <com.extr.controller.domain.QuestionQueryResult>\n    <questionId>38</questionId>\n    <content>&lt;QuestionContent&gt;\n  &lt;title&gt;道路交通安全违法行为累积记分的周期是多长时间？&lt;/title&gt;\n  &lt;titleImg&gt;&lt;/titleImg&gt;\n  &lt;choiceList&gt;\n    &lt;entry&gt;\n      &lt;string&gt;A&lt;/string&gt;\n      &lt;string&gt;3个月&lt;/string&gt;\n    &lt;/entry&gt;\n    &lt;entry&gt;\n      &lt;string&gt;B&lt;/string&gt;\n      &lt;string&gt;6个月&lt;/string&gt;\n    &lt;/entry&gt;\n    &lt;entry&gt;\n      &lt;string&gt;C&lt;/string&gt;\n      &lt;string&gt;12个月&lt;/string&gt;\n    &lt;/entry&gt;\n    &lt;entry&gt;\n      &lt;string&gt;D&lt;/string&gt;\n      &lt;string&gt;24个月&lt;/string&gt;\n    &lt;/entry&gt;\n  &lt;/choiceList&gt;\n  &lt;choiceImgList/&gt;\n&lt;/QuestionContent&gt;</content>\n    <answer>C</answer>\n    <analysis></analysis>\n    <questionTypeId>1</questionTypeId>\n    <referenceName></referenceName>\n    <pointName>驾校科目一理论考试 &gt; 道路交通安全法律、法规和规章 &gt; \n		知识关键点：</pointName>\n    <fieldName>驾校科目一理论考试</fieldName>\n    <questionPoint>1.0</questionPoint>\n    <examingPoint></examingPoint>\n    <knowledgePointId>1</knowledgePointId>\n  </com.extr.controller.domain.QuestionQueryResult>\n  <com.extr.controller.domain.QuestionQueryResult>\n    <questionId>39</questionId>\n    <content>&lt;QuestionContent&gt;\n  &lt;title&gt;公安机关交通管理部门对累积记分达到规定分值的驾驶人怎样处理？&lt;/title&gt;\n  &lt;titleImg&gt;&lt;/titleImg&gt;\n  &lt;choiceList&gt;\n    &lt;entry&gt;\n      &lt;string&gt;A&lt;/string&gt;\n      &lt;string&gt;依法追究刑事责任&lt;/string&gt;\n    &lt;/entry&gt;\n    &lt;entry&gt;\n      &lt;string&gt;B&lt;/string&gt;\n      &lt;string&gt;处15日以下拘留&lt;/string&gt;\n    &lt;/entry&gt;\n    &lt;entry&gt;\n      &lt;string&gt;C&lt;/string&gt;\n      &lt;string&gt;终生禁驾&lt;/string&gt;\n    &lt;/entry&gt;\n    &lt;entry&gt;\n      &lt;string&gt;D&lt;/string&gt;\n      &lt;string&gt;进行法律法规教育，重新考试&lt;/string&gt;\n    &lt;/entry&gt;\n  &lt;/choiceList&gt;\n  &lt;choiceImgList/&gt;\n&lt;/QuestionContent&gt;</content>\n    <answer>D</answer>\n    <analysis></analysis>\n    <questionTypeId>1</questionTypeId>\n    <referenceName></referenceName>\n    <pointName>驾校科目一理论考试 &gt; 道路交通安全法律、法规和规章 &gt; \n		知识关键点：</pointName>\n    <fieldName>驾校科目一理论考试</fieldName>\n    <questionPoint>1.0</questionPoint>\n    <examingPoint></examingPoint>\n    <knowledgePointId>1</knowledgePointId>\n  </com.extr.controller.domain.QuestionQueryResult>\n  <com.extr.controller.domain.QuestionQueryResult>\n    <questionId>40</questionId>\n    <content>&lt;QuestionContent&gt;\n  &lt;title&gt;驾驶人出现下列哪种情况，不得驾驶机动车？&lt;/title&gt;\n  &lt;titleImg&gt;&lt;/titleImg&gt;\n  &lt;choiceList&gt;\n    &lt;entry&gt;\n      &lt;string&gt;A&lt;/string&gt;\n      &lt;string&gt;驾驶证丢失、损毁&lt;/string&gt;\n    &lt;/entry&gt;\n    &lt;entry&gt;\n      &lt;string&gt;B&lt;/string&gt;\n      &lt;string&gt;驾驶证接近有效期&lt;/string&gt;\n    &lt;/entry&gt;\n    &lt;entry&gt;\n      &lt;string&gt;C&lt;/string&gt;\n      &lt;string&gt;记分达到10分&lt;/string&gt;\n    &lt;/entry&gt;\n    &lt;entry&gt;\n      &lt;string&gt;D&lt;/string&gt;\n      &lt;string&gt;记分达到6分&lt;/string&gt;\n    &lt;/entry&gt;\n  &lt;/choiceList&gt;\n  &lt;choiceImgList/&gt;\n&lt;/QuestionContent&gt;</content>\n    <answer>A</answer>\n    <analysis></analysis>\n    <questionTypeId>1</questionTypeId>\n    <referenceName></referenceName>\n    <pointName>驾校科目一理论考试 &gt; 道路交通安全法律、法规和规章 &gt; \n		知识关键点：</pointName>\n    <fieldName>驾校科目一理论考试</fieldName>\n    <questionPoint>1.0</questionPoint>\n    <examingPoint></examingPoint>\n    <knowledgePointId>1</knowledgePointId>\n  </com.extr.controller.domain.QuestionQueryResult>\n  <com.extr.controller.domain.QuestionQueryResult>\n    <questionId>46</questionId>\n    <content>&lt;QuestionContent&gt;\n  &lt;title&gt;前方路口这种信号灯亮表示什么意思？&lt;/title&gt;\n  &lt;titleImg&gt;files/question/admin/1419392557987.jpg&lt;/titleImg&gt;\n  &lt;choiceList&gt;\n    &lt;entry&gt;\n      &lt;string&gt;A&lt;/string&gt;\n      &lt;string&gt;路口警示&lt;/string&gt;\n    &lt;/entry&gt;\n    &lt;entry&gt;\n      &lt;string&gt;B&lt;/string&gt;\n      &lt;string&gt;禁止通行&lt;/string&gt;\n    &lt;/entry&gt;\n    &lt;entry&gt;\n      &lt;string&gt;C&lt;/string&gt;\n      &lt;string&gt;准许通行&lt;/string&gt;\n    &lt;/entry&gt;\n    &lt;entry&gt;\n      &lt;string&gt;D&lt;/string&gt;\n      &lt;string&gt;提醒注意&lt;/string&gt;\n    &lt;/entry&gt;\n  &lt;/choiceList&gt;\n  &lt;choiceImgList/&gt;\n&lt;/QuestionContent&gt;</content>\n    <answer>B</answer>\n    <analysis></analysis>\n    <questionTypeId>1</questionTypeId>\n    <referenceName></referenceName>\n    <pointName>驾校科目一理论考试 &gt; 道路交通信号 &gt; \n		知识关键点：</pointName>\n    <fieldName>驾校科目一理论考试</fieldName>\n    <questionPoint>1.0</questionPoint>\n    <examingPoint></examingPoint>\n    <knowledgePointId>2</knowledgePointId>\n  </com.extr.controller.domain.QuestionQueryResult>\n  <com.extr.controller.domain.QuestionQueryResult>\n    <questionId>47</questionId>\n    <content>&lt;QuestionContent&gt;\n  &lt;title&gt;前方路口这种信号灯亮表示什么意思？&lt;/title&gt;\n  &lt;titleImg&gt;files/question/admin/1419392644937.jpg&lt;/titleImg&gt;\n  &lt;choiceList&gt;\n    &lt;entry&gt;\n      &lt;string&gt;A&lt;/string&gt;\n      &lt;string&gt;路口警示&lt;/string&gt;\n    &lt;/entry&gt;\n    &lt;entry&gt;\n      &lt;string&gt;B&lt;/string&gt;\n      &lt;string&gt;加速直行&lt;/string&gt;\n    &lt;/entry&gt;\n    &lt;entry&gt;\n      &lt;string&gt;C&lt;/string&gt;\n      &lt;string&gt;加速左转&lt;/string&gt;\n    &lt;/entry&gt;\n    &lt;entry&gt;\n      &lt;string&gt;D&lt;/string&gt;\n      &lt;string&gt;禁止右转&lt;/string&gt;\n    &lt;/entry&gt;\n  &lt;/choiceList&gt;\n  &lt;choiceImgList/&gt;\n&lt;/QuestionContent&gt;</content>\n    <answer>A</answer>\n    <analysis></analysis>\n    <questionTypeId>1</questionTypeId>\n    <referenceName></referenceName>\n    <pointName>驾校科目一理论考试 &gt; 道路交通信号 &gt; \n		知识关键点：</pointName>\n    <fieldName>驾校科目一理论考试</fieldName>\n    <questionPoint>1.0</questionPoint>\n    <examingPoint></examingPoint>\n    <knowledgePointId>2</knowledgePointId>\n  </com.extr.controller.domain.QuestionQueryResult>\n  <com.extr.controller.domain.QuestionQueryResult>\n    <questionId>48</questionId>\n    <content>&lt;QuestionContent&gt;\n  &lt;title&gt;前方路口这种信号灯亮表示什么意思？&lt;/title&gt;\n  &lt;titleImg&gt;files/question/admin/1419392724887.jpg&lt;/titleImg&gt;\n  &lt;choiceList&gt;\n    &lt;entry&gt;\n      &lt;string&gt;A&lt;/string&gt;\n      &lt;string&gt;路口警示&lt;/string&gt;\n    &lt;/entry&gt;\n    &lt;entry&gt;\n      &lt;string&gt;B&lt;/string&gt;\n      &lt;string&gt;禁止通行&lt;/string&gt;\n    &lt;/entry&gt;\n    &lt;entry&gt;\n      &lt;string&gt;C&lt;/string&gt;\n      &lt;string&gt;准许通行&lt;/string&gt;\n    &lt;/entry&gt;\n    &lt;entry&gt;\n      &lt;string&gt;D&lt;/string&gt;\n      &lt;string&gt;提醒注意&lt;/string&gt;\n    &lt;/entry&gt;\n  &lt;/choiceList&gt;\n  &lt;choiceImgList/&gt;\n&lt;/QuestionContent&gt;</content>\n    <answer>C</answer>\n    <analysis></analysis>\n    <questionTypeId>1</questionTypeId>\n    <referenceName></referenceName>\n    <pointName>驾校科目一理论考试 &gt; 道路交通信号 &gt; \n		知识关键点：</pointName>\n    <fieldName>驾校科目一理论考试</fieldName>\n    <questionPoint>1.0</questionPoint>\n    <examingPoint></examingPoint>\n    <knowledgePointId>2</knowledgePointId>\n  </com.extr.controller.domain.QuestionQueryResult>\n  <com.extr.controller.domain.QuestionQueryResult>\n    <questionId>53</questionId>\n    <content>&lt;QuestionContent&gt;\n  &lt;title&gt;驾驶机动车在这种道路上如何通行？&lt;/title&gt;\n  &lt;titleImg&gt;files/question/admin/1419392979974.jpg&lt;/titleImg&gt;\n  &lt;choiceList&gt;\n    &lt;entry&gt;\n      &lt;string&gt;A&lt;/string&gt;\n      &lt;string&gt;在道路两边通行&lt;/string&gt;\n    &lt;/entry&gt;\n    &lt;entry&gt;\n      &lt;string&gt;B&lt;/string&gt;\n      &lt;string&gt;在道路中间通行&lt;/string&gt;\n    &lt;/entry&gt;\n    &lt;entry&gt;\n      &lt;string&gt;C&lt;/string&gt;\n      &lt;string&gt;实行分道通行&lt;/string&gt;\n    &lt;/entry&gt;\n    &lt;entry&gt;\n      &lt;string&gt;D&lt;/string&gt;\n      &lt;string&gt;可随意通行&lt;/string&gt;\n    &lt;/entry&gt;\n  &lt;/choiceList&gt;\n  &lt;choiceImgList/&gt;\n&lt;/QuestionContent&gt;</content>\n    <answer>B</answer>\n    <analysis></analysis>\n    <questionTypeId>1</questionTypeId>\n    <referenceName></referenceName>\n    <pointName>驾校科目一理论考试 &gt; 道路交通信号 &gt; \n		知识关键点：</pointName>\n    <fieldName>驾校科目一理论考试</fieldName>\n    <questionPoint>1.0</questionPoint>\n    <examingPoint></examingPoint>\n    <knowledgePointId>2</knowledgePointId>\n  </com.extr.controller.domain.QuestionQueryResult>\n  <com.extr.controller.domain.QuestionQueryResult>\n    <questionId>54</questionId>\n    <content>&lt;QuestionContent&gt;\n  &lt;title&gt;道路上划设这种标线的车道内允许下列哪类车辆通行？&lt;/title&gt;\n  &lt;titleImg&gt;files/question/admin/1419393039059.jpg&lt;/titleImg&gt;\n  &lt;choiceList&gt;\n    &lt;entry&gt;\n      &lt;string&gt;A&lt;/string&gt;\n      &lt;string&gt;出租车&lt;/string&gt;\n    &lt;/entry&gt;\n    &lt;entry&gt;\n      &lt;string&gt;B&lt;/string&gt;\n      &lt;string&gt;公务用车&lt;/string&gt;\n    &lt;/entry&gt;\n    &lt;entry&gt;\n      &lt;string&gt;C&lt;/string&gt;\n      &lt;string&gt;公交车&lt;/string&gt;\n    &lt;/entry&gt;\n    &lt;entry&gt;\n      &lt;string&gt;D&lt;/string&gt;\n      &lt;string&gt;私家车&lt;/string&gt;\n    &lt;/entry&gt;\n  &lt;/choiceList&gt;\n  &lt;choiceImgList/&gt;\n&lt;/QuestionContent&gt;</content>\n    <answer>C</answer>\n    <analysis></analysis>\n    <questionTypeId>1</questionTypeId>\n    <referenceName></referenceName>\n    <pointName>驾校科目一理论考试 &gt; 道路交通信号 &gt; \n		知识关键点：</pointName>\n    <fieldName>驾校科目一理论考试</fieldName>\n    <questionPoint>1.0</questionPoint>\n    <examingPoint></examingPoint>\n    <knowledgePointId>2</knowledgePointId>\n  </com.extr.controller.domain.QuestionQueryResult>\n  <com.extr.controller.domain.QuestionQueryResult>\n    <questionId>55</questionId>\n    <content>&lt;QuestionContent&gt;\n  &lt;title&gt;驾驶机动车在路口遇到这种情况如何行驶？&lt;/title&gt;\n  &lt;titleImg&gt;files/question/admin/1419393115241.jpg&lt;/titleImg&gt;\n  &lt;choiceList&gt;\n    &lt;entry&gt;\n      &lt;string&gt;A&lt;/string&gt;\n      &lt;string&gt;可以向右转弯&lt;/string&gt;\n    &lt;/entry&gt;\n    &lt;entry&gt;\n      &lt;string&gt;B&lt;/string&gt;\n      &lt;string&gt;靠右侧直行&lt;/string&gt;\n    &lt;/entry&gt;\n    &lt;entry&gt;\n      &lt;string&gt;C&lt;/string&gt;\n      &lt;string&gt;遵守交通信号灯&lt;/string&gt;\n    &lt;/entry&gt;\n    &lt;entry&gt;\n      &lt;string&gt;D&lt;/string&gt;\n      &lt;string&gt;停车等待&lt;/string&gt;\n    &lt;/entry&gt;\n  &lt;/choiceList&gt;\n  &lt;choiceImgList/&gt;\n&lt;/QuestionContent&gt;</content>\n    <answer>D</answer>\n    <analysis></analysis>\n    <questionTypeId>1</questionTypeId>\n    <referenceName></referenceName>\n    <pointName>驾校科目一理论考试 &gt; 道路交通信号 &gt; \n		知识关键点：</pointName>\n    <fieldName>驾校科目一理论考试</fieldName>\n    <questionPoint>1.0</questionPoint>\n    <examingPoint></examingPoint>\n    <knowledgePointId>2</knowledgePointId>\n  </com.extr.controller.domain.QuestionQueryResult>\n  <com.extr.controller.domain.QuestionQueryResult>\n    <questionId>56</questionId>\n    <content>&lt;QuestionContent&gt;\n  &lt;title&gt;有这种信号灯的路口允许机动车如何行驶？&lt;/title&gt;\n  &lt;titleImg&gt;files/question/admin/1419393159526.jpg&lt;/titleImg&gt;\n  &lt;choiceList&gt;\n    &lt;entry&gt;\n      &lt;string&gt;A&lt;/string&gt;\n      &lt;string&gt;向左转弯&lt;/string&gt;\n    &lt;/entry&gt;\n    &lt;entry&gt;\n      &lt;string&gt;B&lt;/string&gt;\n      &lt;string&gt;直行通过&lt;/string&gt;\n    &lt;/entry&gt;\n    &lt;entry&gt;\n      &lt;string&gt;C&lt;/string&gt;\n      &lt;string&gt;向右转弯&lt;/string&gt;\n    &lt;/entry&gt;\n    &lt;entry&gt;\n      &lt;string&gt;D&lt;/string&gt;\n      &lt;string&gt;停车等待&lt;/string&gt;\n    &lt;/entry&gt;\n  &lt;/choiceList&gt;\n  &lt;choiceImgList/&gt;\n&lt;/QuestionContent&gt;</content>\n    <answer>C</answer>\n    <analysis></analysis>\n    <questionTypeId>1</questionTypeId>\n    <referenceName></referenceName>\n    <pointName>驾校科目一理论考试 &gt; 道路交通信号 &gt; \n		知识关键点：</pointName>\n    <fieldName>驾校科目一理论考试</fieldName>\n    <questionPoint>1.0</questionPoint>\n    <examingPoint></examingPoint>\n    <knowledgePointId>2</knowledgePointId>\n  </com.extr.controller.domain.QuestionQueryResult>\n  <com.extr.controller.domain.QuestionQueryResult>\n    <questionId>57</questionId>\n    <content>&lt;QuestionContent&gt;\n  &lt;title&gt;遇到这种情况的路口怎样通过？&lt;/title&gt;\n  &lt;titleImg&gt;files/question/admin/1419393251759.jpg&lt;/titleImg&gt;\n  &lt;choiceList&gt;\n    &lt;entry&gt;\n      &lt;string&gt;A&lt;/string&gt;\n      &lt;string&gt;左转弯加速通过&lt;/string&gt;\n    &lt;/entry&gt;\n    &lt;entry&gt;\n      &lt;string&gt;B&lt;/string&gt;\n      &lt;string&gt;加速直行通过&lt;/string&gt;\n    &lt;/entry&gt;\n    &lt;entry&gt;\n      &lt;string&gt;C&lt;/string&gt;\n      &lt;string&gt;右转弯加速通过&lt;/string&gt;\n    &lt;/entry&gt;\n    &lt;entry&gt;\n      &lt;string&gt;D&lt;/string&gt;\n      &lt;string&gt;确认安全后通过&lt;/string&gt;\n    &lt;/entry&gt;\n  &lt;/choiceList&gt;\n  &lt;choiceImgList/&gt;\n&lt;/QuestionContent&gt;</content>\n    <answer>D</answer>\n    <analysis></analysis>\n    <questionTypeId>1</questionTypeId>\n    <referenceName></referenceName>\n    <pointName>驾校科目一理论考试 &gt; 道路交通信号 &gt; \n		知识关键点：</pointName>\n    <fieldName>驾校科目一理论考试</fieldName>\n    <questionPoint>1.0</questionPoint>\n    <examingPoint></examingPoint>\n    <knowledgePointId>2</knowledgePointId>\n  </com.extr.controller.domain.QuestionQueryResult>\n  <com.extr.controller.domain.QuestionQueryResult>\n    <questionId>58</questionId>\n    <content>&lt;QuestionContent&gt;\n  &lt;title&gt;这段道路红车所在车道是什么车道？&lt;/title&gt;\n  &lt;titleImg&gt;files/question/admin/1419393291595.jpg&lt;/titleImg&gt;\n  &lt;choiceList&gt;\n    &lt;entry&gt;\n      &lt;string&gt;A&lt;/string&gt;\n      &lt;string&gt;快速车道&lt;/string&gt;\n    &lt;/entry&gt;\n    &lt;entry&gt;\n      &lt;string&gt;B&lt;/string&gt;\n      &lt;string&gt;慢速车道&lt;/string&gt;\n    &lt;/entry&gt;\n    &lt;entry&gt;\n      &lt;string&gt;C&lt;/string&gt;\n      &lt;string&gt;专用车道&lt;/string&gt;\n    &lt;/entry&gt;\n    &lt;entry&gt;\n      &lt;string&gt;D&lt;/string&gt;\n      &lt;string&gt;应急车道&lt;/string&gt;\n    &lt;/entry&gt;\n  &lt;/choiceList&gt;\n  &lt;choiceImgList/&gt;\n&lt;/QuestionContent&gt;</content>\n    <answer>A</answer>\n    <analysis></analysis>\n    <questionTypeId>1</questionTypeId>\n    <referenceName></referenceName>\n    <pointName>驾校科目一理论考试 &gt; 道路交通信号 &gt; \n		知识关键点：</pointName>\n    <fieldName>驾校科目一理论考试</fieldName>\n    <questionPoint>1.0</questionPoint>\n    <examingPoint></examingPoint>\n    <knowledgePointId>2</knowledgePointId>\n  </com.extr.controller.domain.QuestionQueryResult>\n  <com.extr.controller.domain.QuestionQueryResult>\n    <questionId>59</questionId>\n    <content>&lt;QuestionContent&gt;\n  &lt;title&gt;机动车在道路上变更车道需要注意什么？&lt;/title&gt;\n  &lt;titleImg&gt;&lt;/titleImg&gt;\n  &lt;choiceList&gt;\n    &lt;entry&gt;\n      &lt;string&gt;A&lt;/string&gt;\n      &lt;string&gt;尽快加速进入左侧车道&lt;/string&gt;\n    &lt;/entry&gt;\n    &lt;entry&gt;\n      &lt;string&gt;B&lt;/string&gt;\n      &lt;string&gt;不能影响其他车辆正常行驶&lt;/string&gt;\n    &lt;/entry&gt;\n    &lt;entry&gt;\n      &lt;string&gt;C&lt;/string&gt;\n      &lt;string&gt;进入左侧车道时适当减速&lt;/string&gt;\n    &lt;/entry&gt;\n    &lt;entry&gt;\n      &lt;string&gt;D&lt;/string&gt;\n      &lt;string&gt;开启转向灯迅速向左转向&lt;/string&gt;\n    &lt;/entry&gt;\n  &lt;/choiceList&gt;\n  &lt;choiceImgList/&gt;\n&lt;/QuestionContent&gt;</content>\n    <answer>B</answer>\n    <analysis></analysis>\n    <questionTypeId>1</questionTypeId>\n    <referenceName></referenceName>\n    <pointName>驾校科目一理论考试 &gt; 安全行车、文明驾驶基础知识 &gt; \n		知识关键点：</pointName>\n    <fieldName>驾校科目一理论考试</fieldName>\n    <questionPoint>1.0</questionPoint>\n    <examingPoint></examingPoint>\n    <knowledgePointId>3</knowledgePointId>\n  </com.extr.controller.domain.QuestionQueryResult>\n  <com.extr.controller.domain.QuestionQueryResult>\n    <questionId>67</questionId>\n    <content>&lt;QuestionContent&gt;\n  &lt;title&gt;驾驶机动车在道路上向左变更车道时如何使用灯光？&lt;/title&gt;\n  &lt;titleImg&gt;&lt;/titleImg&gt;\n  &lt;choiceList&gt;\n    &lt;entry&gt;\n      &lt;string&gt;A&lt;/string&gt;\n      &lt;string&gt;不用开启转向灯&lt;/string&gt;\n    &lt;/entry&gt;\n    &lt;entry&gt;\n      &lt;string&gt;B&lt;/string&gt;\n      &lt;string&gt;提前开启右转向灯&lt;/string&gt;\n    &lt;/entry&gt;\n    &lt;entry&gt;\n      &lt;string&gt;C&lt;/string&gt;\n      &lt;string&gt;提前开启左转向灯&lt;/string&gt;\n    &lt;/entry&gt;\n    &lt;entry&gt;\n      &lt;string&gt;D&lt;/string&gt;\n      &lt;string&gt;提前开启近光灯&lt;/string&gt;\n    &lt;/entry&gt;\n  &lt;/choiceList&gt;\n  &lt;choiceImgList/&gt;\n&lt;/QuestionContent&gt;</content>\n    <answer>C</answer>\n    <analysis></analysis>\n    <questionTypeId>1</questionTypeId>\n    <referenceName></referenceName>\n    <pointName>驾校科目一理论考试 &gt; 安全行车、文明驾驶基础知识 &gt; \n		知识关键点：</pointName>\n    <fieldName>驾校科目一理论考试</fieldName>\n    <questionPoint>1.0</questionPoint>\n    <examingPoint></examingPoint>\n    <knowledgePointId>3</knowledgePointId>\n  </com.extr.controller.domain.QuestionQueryResult>\n  <com.extr.controller.domain.QuestionQueryResult>\n    <questionId>69</questionId>\n    <content>&lt;QuestionContent&gt;\n  &lt;title&gt;在这种天气条件下行车如何使用灯光？&lt;/title&gt;\n  &lt;titleImg&gt;files/question/admin/1419402020076.jpg&lt;/titleImg&gt;\n  &lt;choiceList&gt;\n    &lt;entry&gt;\n      &lt;string&gt;A&lt;/string&gt;\n      &lt;string&gt;使用近光灯&lt;/string&gt;\n    &lt;/entry&gt;\n    &lt;entry&gt;\n      &lt;string&gt;B&lt;/string&gt;\n      &lt;string&gt;不使用灯光&lt;/string&gt;\n    &lt;/entry&gt;\n    &lt;entry&gt;\n      &lt;string&gt;C&lt;/string&gt;\n      &lt;string&gt;使用远光灯&lt;/string&gt;\n    &lt;/entry&gt;\n    &lt;entry&gt;\n      &lt;string&gt;D&lt;/string&gt;\n      &lt;string&gt;使用雾灯&lt;/string&gt;\n    &lt;/entry&gt;\n  &lt;/choiceList&gt;\n  &lt;choiceImgList/&gt;\n&lt;/QuestionContent&gt;</content>\n    <answer>A</answer>\n    <analysis></analysis>\n    <questionTypeId>1</questionTypeId>\n    <referenceName></referenceName>\n    <pointName>驾校科目一理论考试 &gt; 安全行车、文明驾驶基础知识 &gt; \n		知识关键点：</pointName>\n    <fieldName>驾校科目一理论考试</fieldName>\n    <questionPoint>1.0</questionPoint>\n    <examingPoint></examingPoint>\n    <knowledgePointId>3</knowledgePointId>\n  </com.extr.controller.domain.QuestionQueryResult>\n  <com.extr.controller.domain.QuestionQueryResult>\n    <questionId>70</questionId>\n    <content>&lt;QuestionContent&gt;\n  &lt;title&gt;在这种天气条件下行车如何使用灯光？&lt;/title&gt;\n  &lt;titleImg&gt;files/question/admin/1419402080586.jpg&lt;/titleImg&gt;\n  &lt;choiceList&gt;\n    &lt;entry&gt;\n      &lt;string&gt;A&lt;/string&gt;\n      &lt;string&gt;使用远光灯&lt;/string&gt;\n    &lt;/entry&gt;\n    &lt;entry&gt;\n      &lt;string&gt;B&lt;/string&gt;\n      &lt;string&gt;使用雾灯&lt;/string&gt;\n    &lt;/entry&gt;\n    &lt;entry&gt;\n      &lt;string&gt;C&lt;/string&gt;\n      &lt;string&gt;开启右转向灯&lt;/string&gt;\n    &lt;/entry&gt;\n    &lt;entry&gt;\n      &lt;string&gt;D&lt;/string&gt;\n      &lt;string&gt;不使用灯光&lt;/string&gt;\n    &lt;/entry&gt;\n  &lt;/choiceList&gt;\n  &lt;choiceImgList/&gt;\n&lt;/QuestionContent&gt;</content>\n    <answer>B</answer>\n    <analysis></analysis>\n    <questionTypeId>1</questionTypeId>\n    <referenceName></referenceName>\n    <pointName>驾校科目一理论考试 &gt; 安全行车、文明驾驶基础知识 &gt; \n		知识关键点：</pointName>\n    <fieldName>驾校科目一理论考试</fieldName>\n    <questionPoint>1.0</questionPoint>\n    <examingPoint></examingPoint>\n    <knowledgePointId>3</knowledgePointId>\n  </com.extr.controller.domain.QuestionQueryResult>\n  <com.extr.controller.domain.QuestionQueryResult>\n    <questionId>71</questionId>\n    <content>&lt;QuestionContent&gt;\n  &lt;title&gt;在这种雨天跟车行驶使用灯光，以下做法正确的是？&lt;/title&gt;\n  &lt;titleImg&gt;files/question/admin/1419402323161.jpg&lt;/titleImg&gt;\n  &lt;choiceList&gt;\n    &lt;entry&gt;\n      &lt;string&gt;A&lt;/string&gt;\n      &lt;string&gt;使用远光灯&lt;/string&gt;\n    &lt;/entry&gt;\n    &lt;entry&gt;\n      &lt;string&gt;B&lt;/string&gt;\n      &lt;string&gt;不能使用近光灯&lt;/string&gt;\n    &lt;/entry&gt;\n    &lt;entry&gt;\n      &lt;string&gt;C&lt;/string&gt;\n      &lt;string&gt;不能使用远光灯&lt;/string&gt;\n    &lt;/entry&gt;\n    &lt;entry&gt;\n      &lt;string&gt;D&lt;/string&gt;\n      &lt;string&gt;使用雾灯&lt;/string&gt;\n    &lt;/entry&gt;\n  &lt;/choiceList&gt;\n  &lt;choiceImgList/&gt;\n&lt;/QuestionContent&gt;</content>\n    <answer>C</answer>\n    <analysis></analysis>\n    <questionTypeId>1</questionTypeId>\n    <referenceName></referenceName>\n    <pointName>驾校科目一理论考试 &gt; 安全行车、文明驾驶基础知识 &gt; \n		知识关键点：</pointName>\n    <fieldName>驾校科目一理论考试</fieldName>\n    <questionPoint>1.0</questionPoint>\n    <examingPoint></examingPoint>\n    <knowledgePointId>3</knowledgePointId>\n  </com.extr.controller.domain.QuestionQueryResult>\n  <com.extr.controller.domain.QuestionQueryResult>\n    <questionId>73</questionId>\n    <content>&lt;QuestionContent&gt;\n  &lt;title&gt;在这种路段如何行驶？&lt;/title&gt;\n  &lt;titleImg&gt;files/question/admin/1419402483372.jpg&lt;/titleImg&gt;\n  &lt;choiceList&gt;\n    &lt;entry&gt;\n      &lt;string&gt;A&lt;/string&gt;\n      &lt;string&gt;减速鸣喇叭示意&lt;/string&gt;\n    &lt;/entry&gt;\n    &lt;entry&gt;\n      &lt;string&gt;B&lt;/string&gt;\n      &lt;string&gt;加速鸣喇叭通过&lt;/string&gt;\n    &lt;/entry&gt;\n    &lt;entry&gt;\n      &lt;string&gt;C&lt;/string&gt;\n      &lt;string&gt;在弯道中心转弯&lt;/string&gt;\n    &lt;/entry&gt;\n    &lt;entry&gt;\n      &lt;string&gt;D&lt;/string&gt;\n      &lt;string&gt;占对方道路转弯&lt;/string&gt;\n    &lt;/entry&gt;\n  &lt;/choiceList&gt;\n  &lt;choiceImgList/&gt;\n&lt;/QuestionContent&gt;</content>\n    <answer>A</answer>\n    <analysis></analysis>\n    <questionTypeId>1</questionTypeId>\n    <referenceName></referenceName>\n    <pointName>驾校科目一理论考试 &gt; 安全行车、文明驾驶基础知识 &gt; \n		知识关键点：</pointName>\n    <fieldName>驾校科目一理论考试</fieldName>\n    <questionPoint>1.0</questionPoint>\n    <examingPoint></examingPoint>\n    <knowledgePointId>3</knowledgePointId>\n  </com.extr.controller.domain.QuestionQueryResult>\n  <com.extr.controller.domain.QuestionQueryResult>\n    <questionId>84</questionId>\n    <content>&lt;QuestionContent&gt;\n  &lt;title&gt;下列哪种行为会受到200元以上2000元以下罚款，并处吊销机动车驾驶证？&lt;/title&gt;\n  &lt;titleImg&gt;&lt;/titleImg&gt;\n  &lt;choiceList&gt;\n    &lt;entry&gt;\n      &lt;string&gt;A&lt;/string&gt;\n      &lt;string&gt;违反道路通行规定&lt;/string&gt;\n    &lt;/entry&gt;\n    &lt;entry&gt;\n      &lt;string&gt;B&lt;/string&gt;\n      &lt;string&gt;超过规定时速50%&lt;/string&gt;\n    &lt;/entry&gt;\n    &lt;entry&gt;\n      &lt;string&gt;C&lt;/string&gt;\n      &lt;string&gt;造成交通事故后逃逸&lt;/string&gt;\n    &lt;/entry&gt;\n    &lt;entry&gt;\n      &lt;string&gt;D&lt;/string&gt;\n      &lt;string&gt;驾车没带驾驶证&lt;/string&gt;\n    &lt;/entry&gt;\n  &lt;/choiceList&gt;\n  &lt;choiceImgList/&gt;\n&lt;/QuestionContent&gt;</content>\n    <answer>B</answer>\n    <analysis></analysis>\n    <questionTypeId>1</questionTypeId>\n    <referenceName></referenceName>\n    <pointName>驾校科目一理论考试 &gt; 安全行车、文明驾驶基础知识 &gt; \n		知识关键点：</pointName>\n    <fieldName>驾校科目一理论考试</fieldName>\n    <questionPoint>1.0</questionPoint>\n    <examingPoint></examingPoint>\n    <knowledgePointId>3</knowledgePointId>\n  </com.extr.controller.domain.QuestionQueryResult>\n  <com.extr.controller.domain.QuestionQueryResult>\n    <questionId>85</questionId>\n    <content>&lt;QuestionContent&gt;\n  &lt;title&gt;在这条高速公路上行驶时的最高速度不能超过多少？&lt;/title&gt;\n  &lt;titleImg&gt;files/question/admin/1419402989781.jpg&lt;/titleImg&gt;\n  &lt;choiceList&gt;\n    &lt;entry&gt;\n      &lt;string&gt;A&lt;/string&gt;\n      &lt;string&gt;100公里/小时&lt;/string&gt;\n    &lt;/entry&gt;\n    &lt;entry&gt;\n      &lt;string&gt;B&lt;/string&gt;\n      &lt;string&gt;110公里/小时&lt;/string&gt;\n    &lt;/entry&gt;\n    &lt;entry&gt;\n      &lt;string&gt;C&lt;/string&gt;\n      &lt;string&gt;120公里/小时&lt;/string&gt;\n    &lt;/entry&gt;\n    &lt;entry&gt;\n      &lt;string&gt;D&lt;/string&gt;\n      &lt;string&gt;90公里 /小时&lt;/string&gt;\n    &lt;/entry&gt;\n  &lt;/choiceList&gt;\n  &lt;choiceImgList/&gt;\n&lt;/QuestionContent&gt;</content>\n    <answer>B</answer>\n    <analysis></analysis>\n    <questionTypeId>1</questionTypeId>\n    <referenceName></referenceName>\n    <pointName>驾校科目一理论考试 &gt; 安全行车、文明驾驶基础知识 &gt; \n		知识关键点：</pointName>\n    <fieldName>驾校科目一理论考试</fieldName>\n    <questionPoint>1.0</questionPoint>\n    <examingPoint></examingPoint>\n    <knowledgePointId>3</knowledgePointId>\n  </com.extr.controller.domain.QuestionQueryResult>\n  <com.extr.controller.domain.QuestionQueryResult>\n    <questionId>87</questionId>\n    <content>&lt;QuestionContent&gt;\n  &lt;title&gt;在这条公路上行驶的最高速度不能超过多少？&lt;/title&gt;\n  &lt;titleImg&gt;files/question/admin/1419403099402.jpg&lt;/titleImg&gt;\n  &lt;choiceList&gt;\n    &lt;entry&gt;\n      &lt;string&gt;A&lt;/string&gt;\n      &lt;string&gt;30公里/小时&lt;/string&gt;\n    &lt;/entry&gt;\n    &lt;entry&gt;\n      &lt;string&gt;B&lt;/string&gt;\n      &lt;string&gt;40公里/小时&lt;/string&gt;\n    &lt;/entry&gt;\n    &lt;entry&gt;\n      &lt;string&gt;C&lt;/string&gt;\n      &lt;string&gt;50公里/小时&lt;/string&gt;\n    &lt;/entry&gt;\n    &lt;entry&gt;\n      &lt;string&gt;D&lt;/string&gt;\n      &lt;string&gt;70公里/小时&lt;/string&gt;\n    &lt;/entry&gt;\n  &lt;/choiceList&gt;\n  &lt;choiceImgList/&gt;\n&lt;/QuestionContent&gt;</content>\n    <answer>B</answer>\n    <analysis></analysis>\n    <questionTypeId>1</questionTypeId>\n    <referenceName></referenceName>\n    <pointName>驾校科目一理论考试 &gt; 安全行车、文明驾驶基础知识 &gt; \n		知识关键点：</pointName>\n    <fieldName>驾校科目一理论考试</fieldName>\n    <questionPoint>1.0</questionPoint>\n    <examingPoint></examingPoint>\n    <knowledgePointId>3</knowledgePointId>\n  </com.extr.controller.domain.QuestionQueryResult>\n  <com.extr.controller.domain.QuestionQueryResult>\n    <questionId>89</questionId>\n    <content>&lt;QuestionContent&gt;\n  &lt;title&gt;在这条公路上行驶的最高速度不能超过多少？&lt;/title&gt;\n  &lt;titleImg&gt;files/question/admin/1419403280574.jpg&lt;/titleImg&gt;\n  &lt;choiceList&gt;\n    &lt;entry&gt;\n      &lt;string&gt;A&lt;/string&gt;\n      &lt;string&gt;30公里/小时&lt;/string&gt;\n    &lt;/entry&gt;\n    &lt;entry&gt;\n      &lt;string&gt;B&lt;/string&gt;\n      &lt;string&gt;40公里/小时&lt;/string&gt;\n    &lt;/entry&gt;\n    &lt;entry&gt;\n      &lt;string&gt;C&lt;/string&gt;\n      &lt;string&gt;50公里/小时&lt;/string&gt;\n    &lt;/entry&gt;\n    &lt;entry&gt;\n      &lt;string&gt;D&lt;/string&gt;\n      &lt;string&gt;70公里/小时&lt;/string&gt;\n    &lt;/entry&gt;\n  &lt;/choiceList&gt;\n  &lt;choiceImgList/&gt;\n&lt;/QuestionContent&gt;</content>\n    <answer>D</answer>\n    <analysis></analysis>\n    <questionTypeId>1</questionTypeId>\n    <referenceName></referenceName>\n    <pointName>驾校科目一理论考试 &gt; 安全行车、文明驾驶基础知识 &gt; \n		知识关键点：</pointName>\n    <fieldName>驾校科目一理论考试</fieldName>\n    <questionPoint>1.0</questionPoint>\n    <examingPoint></examingPoint>\n    <knowledgePointId>3</knowledgePointId>\n  </com.extr.controller.domain.QuestionQueryResult>\n  <com.extr.controller.domain.QuestionQueryResult>\n    <questionId>90</questionId>\n    <content>&lt;QuestionContent&gt;\n  &lt;title&gt;在这个弯道上行驶时的最高速度不能超过多少？&lt;/title&gt;\n  &lt;titleImg&gt;files/question/admin/1419403331566.jpg&lt;/titleImg&gt;\n  &lt;choiceList&gt;\n    &lt;entry&gt;\n      &lt;string&gt;A&lt;/string&gt;\n      &lt;string&gt;30公里/小时&lt;/string&gt;\n    &lt;/entry&gt;\n    &lt;entry&gt;\n      &lt;string&gt;B&lt;/string&gt;\n      &lt;string&gt;40公里/小时&lt;/string&gt;\n    &lt;/entry&gt;\n    &lt;entry&gt;\n      &lt;string&gt;C&lt;/string&gt;\n      &lt;string&gt;50公里/小时&lt;/string&gt;\n    &lt;/entry&gt;\n    &lt;entry&gt;\n      &lt;string&gt;D&lt;/string&gt;\n      &lt;string&gt;70公里/小时&lt;/string&gt;\n    &lt;/entry&gt;\n  &lt;/choiceList&gt;\n  &lt;choiceImgList/&gt;\n&lt;/QuestionContent&gt;</content>\n    <answer>A</answer>\n    <analysis></analysis>\n    <questionTypeId>1</questionTypeId>\n    <referenceName></referenceName>\n    <pointName>驾校科目一理论考试 &gt; 安全行车、文明驾驶基础知识 &gt; \n		知识关键点：</pointName>\n    <fieldName>驾校科目一理论考试</fieldName>\n    <questionPoint>1.0</questionPoint>\n    <examingPoint></examingPoint>\n    <knowledgePointId>3</knowledgePointId>\n  </com.extr.controller.domain.QuestionQueryResult>\n  <com.extr.controller.domain.QuestionQueryResult>\n    <questionId>92</questionId>\n    <content>&lt;QuestionContent&gt;\n  &lt;title&gt;驾驶机动车遇雾、雨、雪等能见度在50米以内时，最高速度不能超过多少？&lt;/title&gt;\n  &lt;titleImg&gt;&lt;/titleImg&gt;\n  &lt;choiceList&gt;\n    &lt;entry&gt;\n      &lt;string&gt;A&lt;/string&gt;\n      &lt;string&gt;70公里/小时&lt;/string&gt;\n    &lt;/entry&gt;\n    &lt;entry&gt;\n      &lt;string&gt;B&lt;/string&gt;\n      &lt;string&gt;50公里/小时&lt;/string&gt;\n    &lt;/entry&gt;\n    &lt;entry&gt;\n      &lt;string&gt;C&lt;/string&gt;\n      &lt;string&gt;40公里/小时&lt;/string&gt;\n    &lt;/entry&gt;\n    &lt;entry&gt;\n      &lt;string&gt;D&lt;/string&gt;\n      &lt;string&gt;30公里/小时&lt;/string&gt;\n    &lt;/entry&gt;\n  &lt;/choiceList&gt;\n  &lt;choiceImgList/&gt;\n&lt;/QuestionContent&gt;</content>\n    <answer>D</answer>\n    <analysis></analysis>\n    <questionTypeId>1</questionTypeId>\n    <referenceName></referenceName>\n    <pointName>驾校科目一理论考试 &gt; 安全行车、文明驾驶基础知识 &gt; \n		知识关键点：</pointName>\n    <fieldName>驾校科目一理论考试</fieldName>\n    <questionPoint>1.0</questionPoint>\n    <examingPoint></examingPoint>\n    <knowledgePointId>3</knowledgePointId>\n  </com.extr.controller.domain.QuestionQueryResult>\n  <com.extr.controller.domain.QuestionQueryResult>\n    <questionId>93</questionId>\n    <content>&lt;QuestionContent&gt;\n  &lt;title&gt;驾驶机动车在进出非机动车道时，最高速度不能超过多少？&lt;/title&gt;\n  &lt;titleImg&gt;&lt;/titleImg&gt;\n  &lt;choiceList&gt;\n    &lt;entry&gt;\n      &lt;string&gt;A&lt;/string&gt;\n      &lt;string&gt;30公里/小时&lt;/string&gt;\n    &lt;/entry&gt;\n    &lt;entry&gt;\n      &lt;string&gt;B&lt;/string&gt;\n      &lt;string&gt;40公里/小时&lt;/string&gt;\n    &lt;/entry&gt;\n    &lt;entry&gt;\n      &lt;string&gt;C&lt;/string&gt;\n      &lt;string&gt;50公里/小时&lt;/string&gt;\n    &lt;/entry&gt;\n    &lt;entry&gt;\n      &lt;string&gt;D&lt;/string&gt;\n      &lt;string&gt;60公里/小时&lt;/string&gt;\n    &lt;/entry&gt;\n  &lt;/choiceList&gt;\n  &lt;choiceImgList/&gt;\n&lt;/QuestionContent&gt;</content>\n    <answer>A</answer>\n    <analysis></analysis>\n    <questionTypeId>1</questionTypeId>\n    <referenceName></referenceName>\n    <pointName>驾校科目一理论考试 &gt; 安全行车、文明驾驶基础知识 &gt; \n		知识关键点：</pointName>\n    <fieldName>驾校科目一理论考试</fieldName>\n    <questionPoint>1.0</questionPoint>\n    <examingPoint></examingPoint>\n    <knowledgePointId>3</knowledgePointId>\n  </com.extr.controller.domain.QuestionQueryResult>\n  <com.extr.controller.domain.QuestionQueryResult>\n    <questionId>94</questionId>\n    <content>&lt;QuestionContent&gt;\n  &lt;title&gt;驾驶机动车通过铁路道口时，最高速度不能超过多少？&lt;/title&gt;\n  &lt;titleImg&gt;&lt;/titleImg&gt;\n  &lt;choiceList&gt;\n    &lt;entry&gt;\n      &lt;string&gt;A&lt;/string&gt;\n      &lt;string&gt;15公里/小时&lt;/string&gt;\n    &lt;/entry&gt;\n    &lt;entry&gt;\n      &lt;string&gt;B&lt;/string&gt;\n      &lt;string&gt;20公里/小时&lt;/string&gt;\n    &lt;/entry&gt;\n    &lt;entry&gt;\n      &lt;string&gt;C&lt;/string&gt;\n      &lt;string&gt;30公里/小时&lt;/string&gt;\n    &lt;/entry&gt;\n    &lt;entry&gt;\n      &lt;string&gt;D&lt;/string&gt;\n      &lt;string&gt;40公里/小时&lt;/string&gt;\n    &lt;/entry&gt;\n  &lt;/choiceList&gt;\n  &lt;choiceImgList/&gt;\n&lt;/QuestionContent&gt;</content>\n    <answer>C</answer>\n    <analysis></analysis>\n    <questionTypeId>1</questionTypeId>\n    <referenceName></referenceName>\n    <pointName>驾校科目一理论考试 &gt; 安全行车、文明驾驶基础知识 &gt; \n		知识关键点：</pointName>\n    <fieldName>驾校科目一理论考试</fieldName>\n    <questionPoint>1.0</questionPoint>\n    <examingPoint></examingPoint>\n    <knowledgePointId>3</knowledgePointId>\n  </com.extr.controller.domain.QuestionQueryResult>\n  <com.extr.controller.domain.QuestionQueryResult>\n    <questionId>95</questionId>\n    <content>&lt;QuestionContent&gt;\n  &lt;title&gt;驾驶机动车通过急弯路时，最高速度不能超过多少？&lt;/title&gt;\n  &lt;titleImg&gt;&lt;/titleImg&gt;\n  &lt;choiceList&gt;\n    &lt;entry&gt;\n      &lt;string&gt;A&lt;/string&gt;\n      &lt;string&gt;20公里/小时&lt;/string&gt;\n    &lt;/entry&gt;\n    &lt;entry&gt;\n      &lt;string&gt;B&lt;/string&gt;\n      &lt;string&gt;30公里/小时&lt;/string&gt;\n    &lt;/entry&gt;\n    &lt;entry&gt;\n      &lt;string&gt;C&lt;/string&gt;\n      &lt;string&gt;40公里/小时&lt;/string&gt;\n    &lt;/entry&gt;\n    &lt;entry&gt;\n      &lt;string&gt;D&lt;/string&gt;\n      &lt;string&gt;50公里/小时&lt;/string&gt;\n    &lt;/entry&gt;\n  &lt;/choiceList&gt;\n  &lt;choiceImgList/&gt;\n&lt;/QuestionContent&gt;</content>\n    <answer>B</answer>\n    <analysis></analysis>\n    <questionTypeId>1</questionTypeId>\n    <referenceName></referenceName>\n    <pointName>驾校科目一理论考试 &gt; 安全行车、文明驾驶基础知识 &gt; \n		知识关键点：</pointName>\n    <fieldName>驾校科目一理论考试</fieldName>\n    <questionPoint>1.0</questionPoint>\n    <examingPoint></examingPoint>\n    <knowledgePointId>3</knowledgePointId>\n  </com.extr.controller.domain.QuestionQueryResult>\n  <com.extr.controller.domain.QuestionQueryResult>\n    <questionId>96</questionId>\n    <content>&lt;QuestionContent&gt;\n  &lt;title&gt;驾驶机动车通过窄路、窄桥时，最高速度不能超过多少？&lt;/title&gt;\n  &lt;titleImg&gt;&lt;/titleImg&gt;\n  &lt;choiceList&gt;\n    &lt;entry&gt;\n      &lt;string&gt;A&lt;/string&gt;\n      &lt;string&gt;60公里/小时&lt;/string&gt;\n    &lt;/entry&gt;\n    &lt;entry&gt;\n      &lt;string&gt;B&lt;/string&gt;\n      &lt;string&gt;50公里/小时&lt;/string&gt;\n    &lt;/entry&gt;\n    &lt;entry&gt;\n      &lt;string&gt;C&lt;/string&gt;\n      &lt;string&gt;40公里/小时&lt;/string&gt;\n    &lt;/entry&gt;\n    &lt;entry&gt;\n      &lt;string&gt;D&lt;/string&gt;\n      &lt;string&gt;30公里/小时&lt;/string&gt;\n    &lt;/entry&gt;\n  &lt;/choiceList&gt;\n  &lt;choiceImgList/&gt;\n&lt;/QuestionContent&gt;</content>\n    <answer>D</answer>\n    <analysis></analysis>\n    <questionTypeId>1</questionTypeId>\n    <referenceName></referenceName>\n    <pointName>驾校科目一理论考试 &gt; 安全行车、文明驾驶基础知识 &gt; \n		知识关键点：</pointName>\n    <fieldName>驾校科目一理论考试</fieldName>\n    <questionPoint>1.0</questionPoint>\n    <examingPoint></examingPoint>\n    <knowledgePointId>3</knowledgePointId>\n  </com.extr.controller.domain.QuestionQueryResult>\n  <com.extr.controller.domain.QuestionQueryResult>\n    <questionId>97</questionId>\n    <content>&lt;QuestionContent&gt;\n  &lt;title&gt;驾驶机动车下陡坡、转弯、掉头时，最高速度不能超过多少？&lt;/title&gt;\n  &lt;titleImg&gt;&lt;/titleImg&gt;\n  &lt;choiceList&gt;\n    &lt;entry&gt;\n      &lt;string&gt;A&lt;/string&gt;\n      &lt;string&gt;30公里/小时&lt;/string&gt;\n    &lt;/entry&gt;\n    &lt;entry&gt;\n      &lt;string&gt;B&lt;/string&gt;\n      &lt;string&gt;40公里/小时&lt;/string&gt;\n    &lt;/entry&gt;\n    &lt;entry&gt;\n      &lt;string&gt;C&lt;/string&gt;\n      &lt;string&gt;50公里/小时&lt;/string&gt;\n    &lt;/entry&gt;\n    &lt;entry&gt;\n      &lt;string&gt;D&lt;/string&gt;\n      &lt;string&gt;60公里/小时&lt;/string&gt;\n    &lt;/entry&gt;\n  &lt;/choiceList&gt;\n  &lt;choiceImgList/&gt;\n&lt;/QuestionContent&gt;</content>\n    <answer>A</answer>\n    <analysis></analysis>\n    <questionTypeId>1</questionTypeId>\n    <referenceName></referenceName>\n    <pointName>驾校科目一理论考试 &gt; 安全行车、文明驾驶基础知识 &gt; \n		知识关键点：</pointName>\n    <fieldName>驾校科目一理论考试</fieldName>\n    <questionPoint>1.0</questionPoint>\n    <examingPoint></examingPoint>\n    <knowledgePointId>3</knowledgePointId>\n  </com.extr.controller.domain.QuestionQueryResult>\n  <com.extr.controller.domain.QuestionQueryResult>\n    <questionId>98</questionId>\n    <content>&lt;QuestionContent&gt;\n  &lt;title&gt;驾驶机动车在冰雪道路行驶时，最高速度不能超过多少？&lt;/title&gt;\n  &lt;titleImg&gt;&lt;/titleImg&gt;\n  &lt;choiceList&gt;\n    &lt;entry&gt;\n      &lt;string&gt;A&lt;/string&gt;\n      &lt;string&gt;20公里/小时&lt;/string&gt;\n    &lt;/entry&gt;\n    &lt;entry&gt;\n      &lt;string&gt;B&lt;/string&gt;\n      &lt;string&gt;30公里/小时&lt;/string&gt;\n    &lt;/entry&gt;\n    &lt;entry&gt;\n      &lt;string&gt;C&lt;/string&gt;\n      &lt;string&gt;40公里/小时&lt;/string&gt;\n    &lt;/entry&gt;\n    &lt;entry&gt;\n      &lt;string&gt;D&lt;/string&gt;\n      &lt;string&gt;50公里/小时&lt;/string&gt;\n    &lt;/entry&gt;\n  &lt;/choiceList&gt;\n  &lt;choiceImgList/&gt;\n&lt;/QuestionContent&gt;</content>\n    <answer>B</answer>\n    <analysis></analysis>\n    <questionTypeId>1</questionTypeId>\n    <referenceName></referenceName>\n    <pointName>驾校科目一理论考试 &gt; 安全行车、文明驾驶基础知识 &gt; \n		知识关键点：</pointName>\n    <fieldName>驾校科目一理论考试</fieldName>\n    <questionPoint>1.0</questionPoint>\n    <examingPoint></examingPoint>\n    <knowledgePointId>3</knowledgePointId>\n  </com.extr.controller.domain.QuestionQueryResult>\n  <com.extr.controller.domain.QuestionQueryResult>\n    <questionId>99</questionId>\n    <content>&lt;QuestionContent&gt;\n  &lt;title&gt;驾驶机动车在泥泞道路行驶时，最高速度不能超过多少？&lt;/title&gt;\n  &lt;titleImg&gt;&lt;/titleImg&gt;\n  &lt;choiceList&gt;\n    &lt;entry&gt;\n      &lt;string&gt;A&lt;/string&gt;\n      &lt;string&gt;15公里/小时&lt;/string&gt;\n    &lt;/entry&gt;\n    &lt;entry&gt;\n      &lt;string&gt;B&lt;/string&gt;\n      &lt;string&gt;20公里/小时&lt;/string&gt;\n    &lt;/entry&gt;\n    &lt;entry&gt;\n      &lt;string&gt;C&lt;/string&gt;\n      &lt;string&gt;30公里/小时&lt;/string&gt;\n    &lt;/entry&gt;\n    &lt;entry&gt;\n      &lt;string&gt;D&lt;/string&gt;\n      &lt;string&gt;40公里/小时&lt;/string&gt;\n    &lt;/entry&gt;\n  &lt;/choiceList&gt;\n  &lt;choiceImgList/&gt;\n&lt;/QuestionContent&gt;</content>\n    <answer>C</answer>\n    <analysis></analysis>\n    <questionTypeId>1</questionTypeId>\n    <referenceName></referenceName>\n    <pointName>驾校科目一理论考试 &gt; 安全行车、文明驾驶基础知识 &gt; \n		知识关键点：</pointName>\n    <fieldName>驾校科目一理论考试</fieldName>\n    <questionPoint>1.0</questionPoint>\n    <examingPoint></examingPoint>\n    <knowledgePointId>3</knowledgePointId>\n  </com.extr.controller.domain.QuestionQueryResult>\n  <com.extr.controller.domain.QuestionQueryResult>\n    <questionId>106</questionId>\n    <content>&lt;QuestionContent&gt;\n  &lt;title&gt;这两辆车发生追尾的主要原因是什么？&lt;/title&gt;\n  &lt;titleImg&gt;files/question/admin/1419403857768.jpg&lt;/titleImg&gt;\n  &lt;choiceList&gt;\n    &lt;entry&gt;\n      &lt;string&gt;A&lt;/string&gt;\n      &lt;string&gt;后车未与前车保持安全距离&lt;/string&gt;\n    &lt;/entry&gt;\n    &lt;entry&gt;\n      &lt;string&gt;B&lt;/string&gt;\n      &lt;string&gt;后车超车时距离前车太近&lt;/string&gt;\n    &lt;/entry&gt;\n    &lt;entry&gt;\n      &lt;string&gt;C&lt;/string&gt;\n      &lt;string&gt;前车采取制动过急&lt;/string&gt;\n    &lt;/entry&gt;\n    &lt;entry&gt;\n      &lt;string&gt;D&lt;/string&gt;\n      &lt;string&gt;前车采取制动时没看后视镜&lt;/string&gt;\n    &lt;/entry&gt;\n  &lt;/choiceList&gt;\n  &lt;choiceImgList/&gt;\n&lt;/QuestionContent&gt;</content>\n    <answer>A</answer>\n    <analysis></analysis>\n    <questionTypeId>1</questionTypeId>\n    <referenceName></referenceName>\n    <pointName>驾校科目一理论考试 &gt; 安全行车、文明驾驶基础知识 &gt; \n		知识关键点：</pointName>\n    <fieldName>驾校科目一理论考试</fieldName>\n    <questionPoint>1.0</questionPoint>\n    <examingPoint></examingPoint>\n    <knowledgePointId>3</knowledgePointId>\n  </com.extr.controller.domain.QuestionQueryResult>\n  <com.extr.controller.domain.QuestionQueryResult>\n    <questionId>107</questionId>\n    <content>&lt;QuestionContent&gt;\n  &lt;title&gt;驾驶机动车在下列哪种情形下不能超越前车？&lt;/title&gt;\n  &lt;titleImg&gt;&lt;/titleImg&gt;\n  &lt;choiceList&gt;\n    &lt;entry&gt;\n      &lt;string&gt;A&lt;/string&gt;\n      &lt;string&gt;前车减速让行&lt;/string&gt;\n    &lt;/entry&gt;\n    &lt;entry&gt;\n      &lt;string&gt;B&lt;/string&gt;\n      &lt;string&gt;前车正在左转弯&lt;/string&gt;\n    &lt;/entry&gt;\n    &lt;entry&gt;\n      &lt;string&gt;C&lt;/string&gt;\n      &lt;string&gt;前车靠边停车&lt;/string&gt;\n    &lt;/entry&gt;\n    &lt;entry&gt;\n      &lt;string&gt;D&lt;/string&gt;\n      &lt;string&gt;前车正在右转弯&lt;/string&gt;\n    &lt;/entry&gt;\n  &lt;/choiceList&gt;\n  &lt;choiceImgList/&gt;\n&lt;/QuestionContent&gt;</content>\n    <answer>B</answer>\n    <analysis></analysis>\n    <questionTypeId>1</questionTypeId>\n    <referenceName></referenceName>\n    <pointName>驾校科目一理论考试 &gt; 安全行车、文明驾驶基础知识 &gt; \n		知识关键点：</pointName>\n    <fieldName>驾校科目一理论考试</fieldName>\n    <questionPoint>1.0</questionPoint>\n    <examingPoint></examingPoint>\n    <knowledgePointId>3</knowledgePointId>\n  </com.extr.controller.domain.QuestionQueryResult>\n  <com.extr.controller.domain.QuestionQueryResult>\n    <questionId>110</questionId>\n    <content>&lt;QuestionContent&gt;\n  &lt;title&gt;同车道行驶的车辆遇前车有下列哪种情形时不得超车？&lt;/title&gt;\n  &lt;titleImg&gt;&lt;/titleImg&gt;\n  &lt;choiceList&gt;\n    &lt;entry&gt;\n      &lt;string&gt;A&lt;/string&gt;\n      &lt;string&gt;正在停车&lt;/string&gt;\n    &lt;/entry&gt;\n    &lt;entry&gt;\n      &lt;string&gt;B&lt;/string&gt;\n      &lt;string&gt;减速让行&lt;/string&gt;\n    &lt;/entry&gt;\n    &lt;entry&gt;\n      &lt;string&gt;C&lt;/string&gt;\n      &lt;string&gt;正常行驶&lt;/string&gt;\n    &lt;/entry&gt;\n    &lt;entry&gt;\n      &lt;string&gt;D&lt;/string&gt;\n      &lt;string&gt;正在超车&lt;/string&gt;\n    &lt;/entry&gt;\n  &lt;/choiceList&gt;\n  &lt;choiceImgList/&gt;\n&lt;/QuestionContent&gt;</content>\n    <answer>D</answer>\n    <analysis></analysis>\n    <questionTypeId>1</questionTypeId>\n    <referenceName></referenceName>\n    <pointName>驾校科目一理论考试 &gt; 安全行车、文明驾驶基础知识 &gt; \n		知识关键点：</pointName>\n    <fieldName>驾校科目一理论考试</fieldName>\n    <questionPoint>1.0</questionPoint>\n    <examingPoint></examingPoint>\n    <knowledgePointId>3</knowledgePointId>\n  </com.extr.controller.domain.QuestionQueryResult>\n  <com.extr.controller.domain.QuestionQueryResult>\n    <questionId>111</questionId>\n    <content>&lt;QuestionContent&gt;\n  &lt;title&gt;同车道行驶的车辆遇前车有下列哪种情形时不得超车？&lt;/title&gt;\n  &lt;titleImg&gt;&lt;/titleImg&gt;\n  &lt;choiceList&gt;\n    &lt;entry&gt;\n      &lt;string&gt;A&lt;/string&gt;\n      &lt;string&gt;正在停车&lt;/string&gt;\n    &lt;/entry&gt;\n    &lt;entry&gt;\n      &lt;string&gt;B&lt;/string&gt;\n      &lt;string&gt;减速让行&lt;/string&gt;\n    &lt;/entry&gt;\n    &lt;entry&gt;\n      &lt;string&gt;C&lt;/string&gt;\n      &lt;string&gt;正在掉头&lt;/string&gt;\n    &lt;/entry&gt;\n    &lt;entry&gt;\n      &lt;string&gt;D&lt;/string&gt;\n      &lt;string&gt;正常行驶&lt;/string&gt;\n    &lt;/entry&gt;\n  &lt;/choiceList&gt;\n  &lt;choiceImgList/&gt;\n&lt;/QuestionContent&gt;</content>\n    <answer>C</answer>\n    <analysis></analysis>\n    <questionTypeId>1</questionTypeId>\n    <referenceName></referenceName>\n    <pointName>驾校科目一理论考试 &gt; 安全行车、文明驾驶基础知识 &gt; \n		知识关键点：</pointName>\n    <fieldName>驾校科目一理论考试</fieldName>\n    <questionPoint>1.0</questionPoint>\n    <examingPoint></examingPoint>\n    <knowledgePointId>3</knowledgePointId>\n  </com.extr.controller.domain.QuestionQueryResult>\n  <com.extr.controller.domain.QuestionQueryResult>\n    <questionId>112</questionId>\n    <content>&lt;QuestionContent&gt;\n  &lt;title&gt;同车道行驶的车辆前方遇到下列哪种车辆不得超车？&lt;/title&gt;\n  &lt;titleImg&gt;&lt;/titleImg&gt;\n  &lt;choiceList&gt;\n    &lt;entry&gt;\n      &lt;string&gt;A&lt;/string&gt;\n      &lt;string&gt;执行任务的警车&lt;/string&gt;\n    &lt;/entry&gt;\n    &lt;entry&gt;\n      &lt;string&gt;B&lt;/string&gt;\n      &lt;string&gt;大型客货车&lt;/string&gt;\n    &lt;/entry&gt;\n    &lt;entry&gt;\n      &lt;string&gt;C&lt;/string&gt;\n      &lt;string&gt;出租汽车&lt;/string&gt;\n    &lt;/entry&gt;\n    &lt;entry&gt;\n      &lt;string&gt;D&lt;/string&gt;\n      &lt;string&gt;城市公交车&lt;/string&gt;\n    &lt;/entry&gt;\n  &lt;/choiceList&gt;\n  &lt;choiceImgList/&gt;\n&lt;/QuestionContent&gt;</content>\n    <answer>A</answer>\n    <analysis></analysis>\n    <questionTypeId>1</questionTypeId>\n    <referenceName></referenceName>\n    <pointName>驾校科目一理论考试 &gt; 安全行车、文明驾驶基础知识 &gt; \n		知识关键点：</pointName>\n    <fieldName>驾校科目一理论考试</fieldName>\n    <questionPoint>1.0</questionPoint>\n    <examingPoint></examingPoint>\n    <knowledgePointId>3</knowledgePointId>\n  </com.extr.controller.domain.QuestionQueryResult>\n  <com.extr.controller.domain.QuestionQueryResult>\n    <questionId>113</questionId>\n    <content>&lt;QuestionContent&gt;\n  &lt;title&gt;同车道行驶的车辆前方遇到下列哪种车辆不得超车？&lt;/title&gt;\n  &lt;titleImg&gt;&lt;/titleImg&gt;\n  &lt;choiceList&gt;\n    &lt;entry&gt;\n      &lt;string&gt;A&lt;/string&gt;\n      &lt;string&gt;大型客货车&lt;/string&gt;\n    &lt;/entry&gt;\n    &lt;entry&gt;\n      &lt;string&gt;B&lt;/string&gt;\n      &lt;string&gt;出租汽车&lt;/string&gt;\n    &lt;/entry&gt;\n    &lt;entry&gt;\n      &lt;string&gt;C&lt;/string&gt;\n      &lt;string&gt;执行任务的救护车&lt;/string&gt;\n    &lt;/entry&gt;\n    &lt;entry&gt;\n      &lt;string&gt;D&lt;/string&gt;\n      &lt;string&gt;公共汽车&lt;/string&gt;\n    &lt;/entry&gt;\n  &lt;/choiceList&gt;\n  &lt;choiceImgList/&gt;\n&lt;/QuestionContent&gt;</content>\n    <answer>C</answer>\n    <analysis></analysis>\n    <questionTypeId>1</questionTypeId>\n    <referenceName></referenceName>\n    <pointName>驾校科目一理论考试 &gt; 安全行车、文明驾驶基础知识 &gt; \n		知识关键点：</pointName>\n    <fieldName>驾校科目一理论考试</fieldName>\n    <questionPoint>1.0</questionPoint>\n    <examingPoint></examingPoint>\n    <knowledgePointId>3</knowledgePointId>\n  </com.extr.controller.domain.QuestionQueryResult>\n  <com.extr.controller.domain.QuestionQueryResult>\n    <questionId>114</questionId>\n    <content>&lt;QuestionContent&gt;\n  &lt;title&gt;同车道行驶的车辆前方遇到下列哪种车辆不得超车？&lt;/title&gt;\n  &lt;titleImg&gt;&lt;/titleImg&gt;\n  &lt;choiceList&gt;\n    &lt;entry&gt;\n      &lt;string&gt;A&lt;/string&gt;\n      &lt;string&gt;大型客货车&lt;/string&gt;\n    &lt;/entry&gt;\n    &lt;entry&gt;\n      &lt;string&gt;B&lt;/string&gt;\n      &lt;string&gt;执行任务的消防车&lt;/string&gt;\n    &lt;/entry&gt;\n    &lt;entry&gt;\n      &lt;string&gt;C&lt;/string&gt;\n      &lt;string&gt;公共汽车&lt;/string&gt;\n    &lt;/entry&gt;\n    &lt;entry&gt;\n      &lt;string&gt;D&lt;/string&gt;\n      &lt;string&gt;出租汽车&lt;/string&gt;\n    &lt;/entry&gt;\n  &lt;/choiceList&gt;\n  &lt;choiceImgList/&gt;\n&lt;/QuestionContent&gt;</content>\n    <answer>B</answer>\n    <analysis></analysis>\n    <questionTypeId>1</questionTypeId>\n    <referenceName></referenceName>\n    <pointName>驾校科目一理论考试 &gt; 安全行车、文明驾驶基础知识 &gt; \n		知识关键点：</pointName>\n    <fieldName>驾校科目一理论考试</fieldName>\n    <questionPoint>1.0</questionPoint>\n    <examingPoint></examingPoint>\n    <knowledgePointId>3</knowledgePointId>\n  </com.extr.controller.domain.QuestionQueryResult>\n  <com.extr.controller.domain.QuestionQueryResult>\n    <questionId>115</questionId>\n    <content>&lt;QuestionContent&gt;\n  &lt;title&gt;驾驶机动车行经市区下列哪种道路时不得超车？&lt;/title&gt;\n  &lt;titleImg&gt;&lt;/titleImg&gt;\n  &lt;choiceList&gt;\n    &lt;entry&gt;\n      &lt;string&gt;A&lt;/string&gt;\n      &lt;string&gt;主要街道&lt;/string&gt;\n    &lt;/entry&gt;\n    &lt;entry&gt;\n      &lt;string&gt;B&lt;/string&gt;\n      &lt;string&gt;单向行驶路段&lt;/string&gt;\n    &lt;/entry&gt;\n    &lt;entry&gt;\n      &lt;string&gt;C&lt;/string&gt;\n      &lt;string&gt;单向两条行车道&lt;/string&gt;\n    &lt;/entry&gt;\n    &lt;entry&gt;\n      &lt;string&gt;D&lt;/string&gt;\n      &lt;string&gt;交通流量大的路段&lt;/string&gt;\n    &lt;/entry&gt;\n  &lt;/choiceList&gt;\n  &lt;choiceImgList/&gt;\n&lt;/QuestionContent&gt;</content>\n    <answer>D</answer>\n    <analysis></analysis>\n    <questionTypeId>1</questionTypeId>\n    <referenceName></referenceName>\n    <pointName>驾校科目一理论考试 &gt; 安全行车、文明驾驶基础知识 &gt; \n		知识关键点：</pointName>\n    <fieldName>驾校科目一理论考试</fieldName>\n    <questionPoint>1.0</questionPoint>\n    <examingPoint></examingPoint>\n    <knowledgePointId>3</knowledgePointId>\n  </com.extr.controller.domain.QuestionQueryResult>\n  <com.extr.controller.domain.QuestionQueryResult>\n    <questionId>116</questionId>\n    <content>&lt;QuestionContent&gt;\n  &lt;title&gt;驾驶机动车行经下列哪种路段不得超车？&lt;/title&gt;\n  &lt;titleImg&gt;&lt;/titleImg&gt;\n  &lt;choiceList&gt;\n    &lt;entry&gt;\n      &lt;string&gt;A&lt;/string&gt;\n      &lt;string&gt;主要街道&lt;/string&gt;\n    &lt;/entry&gt;\n    &lt;entry&gt;\n      &lt;string&gt;B&lt;/string&gt;\n      &lt;string&gt;高架路&lt;/string&gt;\n    &lt;/entry&gt;\n    &lt;entry&gt;\n      &lt;string&gt;C&lt;/string&gt;\n      &lt;string&gt;人行横道&lt;/string&gt;\n    &lt;/entry&gt;\n    &lt;entry&gt;\n      &lt;string&gt;D&lt;/string&gt;\n      &lt;string&gt;环城高速&lt;/string&gt;\n    &lt;/entry&gt;\n  &lt;/choiceList&gt;\n  &lt;choiceImgList/&gt;\n&lt;/QuestionContent&gt;</content>\n    <answer>C</answer>\n    <analysis></analysis>\n    <questionTypeId>1</questionTypeId>\n    <referenceName></referenceName>\n    <pointName>驾校科目一理论考试 &gt; 安全行车、文明驾驶基础知识 &gt; \n		知识关键点：</pointName>\n    <fieldName>驾校科目一理论考试</fieldName>\n    <questionPoint>1.0</questionPoint>\n    <examingPoint></examingPoint>\n    <knowledgePointId>3</knowledgePointId>\n  </com.extr.controller.domain.QuestionQueryResult>\n  <com.extr.controller.domain.QuestionQueryResult>\n    <questionId>117</questionId>\n    <content>&lt;QuestionContent&gt;\n  &lt;title&gt;驾驶机动车行经下列哪种路段时不得超车？&lt;/title&gt;\n  &lt;titleImg&gt;&lt;/titleImg&gt;\n  &lt;choiceList&gt;\n    &lt;entry&gt;\n      &lt;string&gt;A&lt;/string&gt;\n      &lt;string&gt;高架路&lt;/string&gt;\n    &lt;/entry&gt;\n    &lt;entry&gt;\n      &lt;string&gt;B&lt;/string&gt;\n      &lt;string&gt;交叉路口&lt;/string&gt;\n    &lt;/entry&gt;\n    &lt;entry&gt;\n      &lt;string&gt;C&lt;/string&gt;\n      &lt;string&gt;环城高速&lt;/string&gt;\n    &lt;/entry&gt;\n    &lt;entry&gt;\n      &lt;string&gt;D&lt;/string&gt;\n      &lt;string&gt;中心街道&lt;/string&gt;\n    &lt;/entry&gt;\n  &lt;/choiceList&gt;\n  &lt;choiceImgList/&gt;\n&lt;/QuestionContent&gt;</content>\n    <answer>B</answer>\n    <analysis></analysis>\n    <questionTypeId>1</questionTypeId>\n    <referenceName></referenceName>\n    <pointName>驾校科目一理论考试 &gt; 安全行车、文明驾驶基础知识 &gt; \n		知识关键点：</pointName>\n    <fieldName>驾校科目一理论考试</fieldName>\n    <questionPoint>1.0</questionPoint>\n    <examingPoint></examingPoint>\n    <knowledgePointId>3</knowledgePointId>\n  </com.extr.controller.domain.QuestionQueryResult>\n  <com.extr.controller.domain.QuestionQueryResult>\n    <questionId>118</questionId>\n    <content>&lt;QuestionContent&gt;\n  &lt;title&gt;驾驶机动车在下列哪种路段不得超车？&lt;/title&gt;\n  &lt;titleImg&gt;&lt;/titleImg&gt;\n  &lt;choiceList&gt;\n    &lt;entry&gt;\n      &lt;string&gt;A&lt;/string&gt;\n      &lt;string&gt;山区道路&lt;/string&gt;\n    &lt;/entry&gt;\n    &lt;entry&gt;\n      &lt;string&gt;B&lt;/string&gt;\n      &lt;string&gt;城市高架路&lt;/string&gt;\n    &lt;/entry&gt;\n    &lt;entry&gt;\n      &lt;string&gt;C&lt;/string&gt;\n      &lt;string&gt;城市快速路&lt;/string&gt;\n    &lt;/entry&gt;\n    &lt;entry&gt;\n      &lt;string&gt;D&lt;/string&gt;\n      &lt;string&gt;窄桥、弯道&lt;/string&gt;\n    &lt;/entry&gt;\n  &lt;/choiceList&gt;\n  &lt;choiceImgList/&gt;\n&lt;/QuestionContent&gt;</content>\n    <answer>D</answer>\n    <analysis></analysis>\n    <questionTypeId>1</questionTypeId>\n    <referenceName></referenceName>\n    <pointName>驾校科目一理论考试 &gt; 安全行车、文明驾驶基础知识 &gt; \n		知识关键点：</pointName>\n    <fieldName>驾校科目一理论考试</fieldName>\n    <questionPoint>1.0</questionPoint>\n    <examingPoint></examingPoint>\n    <knowledgePointId>3</knowledgePointId>\n  </com.extr.controller.domain.QuestionQueryResult>\n  <com.extr.controller.domain.QuestionQueryResult>\n    <questionId>119</questionId>\n    <content>&lt;QuestionContent&gt;\n  &lt;title&gt;驾驶机动车在夜间超车时怎样使用灯光？&lt;/title&gt;\n  &lt;titleImg&gt;&lt;/titleImg&gt;\n  &lt;choiceList&gt;\n    &lt;entry&gt;\n      &lt;string&gt;A&lt;/string&gt;\n      &lt;string&gt;变换远、近光灯&lt;/string&gt;\n    &lt;/entry&gt;\n    &lt;entry&gt;\n      &lt;string&gt;B&lt;/string&gt;\n      &lt;string&gt;开启雾灯&lt;/string&gt;\n    &lt;/entry&gt;\n    &lt;entry&gt;\n      &lt;string&gt;C&lt;/string&gt;\n      &lt;string&gt;开启远光灯&lt;/string&gt;\n    &lt;/entry&gt;\n    &lt;entry&gt;\n      &lt;string&gt;D&lt;/string&gt;\n      &lt;string&gt;关闭前大灯&lt;/string&gt;\n    &lt;/entry&gt;\n  &lt;/choiceList&gt;\n  &lt;choiceImgList/&gt;\n&lt;/QuestionContent&gt;</content>\n    <answer>A</answer>\n    <analysis></analysis>\n    <questionTypeId>1</questionTypeId>\n    <referenceName></referenceName>\n    <pointName>驾校科目一理论考试 &gt; 安全行车、文明驾驶基础知识 &gt; \n		知识关键点：</pointName>\n    <fieldName>驾校科目一理论考试</fieldName>\n    <questionPoint>1.0</questionPoint>\n    <examingPoint></examingPoint>\n    <knowledgePointId>3</knowledgePointId>\n  </com.extr.controller.domain.QuestionQueryResult>\n  <com.extr.controller.domain.QuestionQueryResult>\n    <questionId>4</questionId>\n    <content>&lt;QuestionContent&gt;\n  &lt;title&gt;驾驶机动车违反道路交通安全法律法规发生交通事故属于交通违章行为。&lt;/title&gt;\n  &lt;titleImg&gt;&lt;/titleImg&gt;\n  &lt;choiceList/&gt;\n  &lt;choiceImgList/&gt;\n&lt;/QuestionContent&gt;</content>\n    <answer>F</answer>\n    <analysis></analysis>\n    <questionTypeId>3</questionTypeId>\n    <referenceName></referenceName>\n    <pointName>驾校科目一理论考试 &gt; 道路交通安全法律、法规和规章 &gt; \n		知识关键点：</pointName>\n    <fieldName>驾校科目一理论考试</fieldName>\n    <questionPoint>1.0</questionPoint>\n    <examingPoint></examingPoint>\n    <knowledgePointId>1</knowledgePointId>\n  </com.extr.controller.domain.QuestionQueryResult>\n  <com.extr.controller.domain.QuestionQueryResult>\n    <questionId>5</questionId>\n    <content>&lt;QuestionContent&gt;\n  &lt;title&gt;驾驶机动车在道路上违反道路通行规定应当接受相应的处罚。&lt;/title&gt;\n  &lt;titleImg&gt;&lt;/titleImg&gt;\n  &lt;choiceList/&gt;\n  &lt;choiceImgList/&gt;\n&lt;/QuestionContent&gt;</content>\n    <answer>T</answer>\n    <analysis></analysis>\n    <questionTypeId>3</questionTypeId>\n    <referenceName></referenceName>\n    <pointName>驾校科目一理论考试 &gt; 道路交通安全法律、法规和规章 &gt; \n		知识关键点：</pointName>\n    <fieldName>驾校科目一理论考试</fieldName>\n    <questionPoint>1.0</questionPoint>\n    <examingPoint></examingPoint>\n    <knowledgePointId>1</knowledgePointId>\n  </com.extr.controller.domain.QuestionQueryResult>\n  <com.extr.controller.domain.QuestionQueryResult>\n    <questionId>6</questionId>\n    <content>&lt;QuestionContent&gt;\n  &lt;title&gt;对未取得驾驶证驾驶机动车的，追究其法律责任。&lt;/title&gt;\n  &lt;titleImg&gt;&lt;/titleImg&gt;\n  &lt;choiceList/&gt;\n  &lt;choiceImgList/&gt;\n&lt;/QuestionContent&gt;</content>\n    <answer>T</answer>\n    <analysis></analysis>\n    <questionTypeId>3</questionTypeId>\n    <referenceName></referenceName>\n    <pointName>驾校科目一理论考试 &gt; 道路交通安全法律、法规和规章 &gt; \n		知识关键点：</pointName>\n    <fieldName>驾校科目一理论考试</fieldName>\n    <questionPoint>1.0</questionPoint>\n    <examingPoint></examingPoint>\n    <knowledgePointId>1</knowledgePointId>\n  </com.extr.controller.domain.QuestionQueryResult>\n  <com.extr.controller.domain.QuestionQueryResult>\n    <questionId>8</questionId>\n    <content>&lt;QuestionContent&gt;\n  &lt;title&gt;造成交通事故后逃逸且构成犯罪的驾驶人,将吊销驾驶证且终生不得重新取得驾驶证。&lt;/title&gt;\n  &lt;titleImg&gt;&lt;/titleImg&gt;\n  &lt;choiceList/&gt;\n  &lt;choiceImgList/&gt;\n&lt;/QuestionContent&gt;</content>\n    <answer>T</answer>\n    <analysis></analysis>\n    <questionTypeId>3</questionTypeId>\n    <referenceName></referenceName>\n    <pointName>驾校科目一理论考试 &gt; 道路交通安全法律、法规和规章 &gt; \n		知识关键点：</pointName>\n    <fieldName>驾校科目一理论考试</fieldName>\n    <questionPoint>1.0</questionPoint>\n    <examingPoint></examingPoint>\n    <knowledgePointId>1</knowledgePointId>\n  </com.extr.controller.domain.QuestionQueryResult>\n  <com.extr.controller.domain.QuestionQueryResult>\n    <questionId>9</questionId>\n    <content>&lt;QuestionContent&gt;\n  &lt;title&gt;驾驶机动车在道路上违反交通安全法规的行为属于违法行为。&lt;/title&gt;\n  &lt;titleImg&gt;&lt;/titleImg&gt;\n  &lt;choiceList/&gt;\n  &lt;choiceImgList/&gt;\n&lt;/QuestionContent&gt;</content>\n    <answer>T</answer>\n    <analysis></analysis>\n    <questionTypeId>3</questionTypeId>\n    <referenceName></referenceName>\n    <pointName>驾校科目一理论考试 &gt; 道路交通安全法律、法规和规章 &gt; \n		知识关键点：</pointName>\n    <fieldName>驾校科目一理论考试</fieldName>\n    <questionPoint>1.0</questionPoint>\n    <examingPoint></examingPoint>\n    <knowledgePointId>1</knowledgePointId>\n  </com.extr.controller.domain.QuestionQueryResult>\n  <com.extr.controller.domain.QuestionQueryResult>\n    <questionId>15</questionId>\n    <content>&lt;QuestionContent&gt;\n  &lt;title&gt;驾驶人要按照驾驶证载明的准驾车型驾驶车辆。&lt;/title&gt;\n  &lt;titleImg&gt;&lt;/titleImg&gt;\n  &lt;choiceList/&gt;\n  &lt;choiceImgList/&gt;\n&lt;/QuestionContent&gt;</content>\n    <answer>T</answer>\n    <analysis></analysis>\n    <questionTypeId>3</questionTypeId>\n    <referenceName></referenceName>\n    <pointName>驾校科目一理论考试 &gt; 道路交通安全法律、法规和规章 &gt; \n		知识关键点：</pointName>\n    <fieldName>驾校科目一理论考试</fieldName>\n    <questionPoint>1.0</questionPoint>\n    <examingPoint></examingPoint>\n    <knowledgePointId>1</knowledgePointId>\n  </com.extr.controller.domain.QuestionQueryResult>\n  <com.extr.controller.domain.QuestionQueryResult>\n    <questionId>16</questionId>\n    <content>&lt;QuestionContent&gt;\n  &lt;title&gt;上路行驶的机动车未随车携带身份证的，交通警察可依法扣留机动车。&lt;/title&gt;\n  &lt;titleImg&gt;&lt;/titleImg&gt;\n  &lt;choiceList/&gt;\n  &lt;choiceImgList/&gt;\n&lt;/QuestionContent&gt;</content>\n    <answer>F</answer>\n    <analysis></analysis>\n    <questionTypeId>3</questionTypeId>\n    <referenceName></referenceName>\n    <pointName>驾校科目一理论考试 &gt; 道路交通安全法律、法规和规章 &gt; \n		知识关键点：</pointName>\n    <fieldName>驾校科目一理论考试</fieldName>\n    <questionPoint>1.0</questionPoint>\n    <examingPoint></examingPoint>\n    <knowledgePointId>1</knowledgePointId>\n  </com.extr.controller.domain.QuestionQueryResult>\n  <com.extr.controller.domain.QuestionQueryResult>\n    <questionId>17</questionId>\n    <content>&lt;QuestionContent&gt;\n  &lt;title&gt;上路行驶的机动车未放置检验合格标志的，交通警察可依法扣留机动车。&lt;/title&gt;\n  &lt;titleImg&gt;&lt;/titleImg&gt;\n  &lt;choiceList/&gt;\n  &lt;choiceImgList/&gt;\n&lt;/QuestionContent&gt;</content>\n    <answer>T</answer>\n    <analysis></analysis>\n    <questionTypeId>3</questionTypeId>\n    <referenceName></referenceName>\n    <pointName>驾校科目一理论考试 &gt; 道路交通安全法律、法规和规章 &gt; \n		知识关键点：</pointName>\n    <fieldName>驾校科目一理论考试</fieldName>\n    <questionPoint>1.0</questionPoint>\n    <examingPoint></examingPoint>\n    <knowledgePointId>1</knowledgePointId>\n  </com.extr.controller.domain.QuestionQueryResult>\n  <com.extr.controller.domain.QuestionQueryResult>\n    <questionId>18</questionId>\n    <content>&lt;QuestionContent&gt;\n  &lt;title&gt;伪造、变造机动车驾驶证构成犯罪的将被依法追究刑事责任。&lt;/title&gt;\n  &lt;titleImg&gt;&lt;/titleImg&gt;\n  &lt;choiceList/&gt;\n  &lt;choiceImgList/&gt;\n&lt;/QuestionContent&gt;</content>\n    <answer>T</answer>\n    <analysis></analysis>\n    <questionTypeId>3</questionTypeId>\n    <referenceName></referenceName>\n    <pointName>驾校科目一理论考试 &gt; 道路交通安全法律、法规和规章 &gt; \n		知识关键点：</pointName>\n    <fieldName>驾校科目一理论考试</fieldName>\n    <questionPoint>1.0</questionPoint>\n    <examingPoint></examingPoint>\n    <knowledgePointId>1</knowledgePointId>\n  </com.extr.controller.domain.QuestionQueryResult>\n  <com.extr.controller.domain.QuestionQueryResult>\n    <questionId>19</questionId>\n    <content>&lt;QuestionContent&gt;\n  &lt;title&gt;机动车驾驶人在实习期内驾驶机动车不得牵引挂车。&lt;/title&gt;\n  &lt;titleImg&gt;&lt;/titleImg&gt;\n  &lt;choiceList/&gt;\n  &lt;choiceImgList/&gt;\n&lt;/QuestionContent&gt;</content>\n    <answer>T</answer>\n    <analysis></analysis>\n    <questionTypeId>3</questionTypeId>\n    <referenceName></referenceName>\n    <pointName>驾校科目一理论考试 &gt; 道路交通安全法律、法规和规章 &gt; \n		知识关键点：</pointName>\n    <fieldName>驾校科目一理论考试</fieldName>\n    <questionPoint>1.0</questionPoint>\n    <examingPoint></examingPoint>\n    <knowledgePointId>1</knowledgePointId>\n  </com.extr.controller.domain.QuestionQueryResult>\n  <com.extr.controller.domain.QuestionQueryResult>\n    <questionId>24</questionId>\n    <content>&lt;QuestionContent&gt;\n  &lt;title&gt;驾驶机动车上路前应当检查车辆安全技术性能。&lt;/title&gt;\n  &lt;titleImg&gt;&lt;/titleImg&gt;\n  &lt;choiceList/&gt;\n  &lt;choiceImgList/&gt;\n&lt;/QuestionContent&gt;</content>\n    <answer>T</answer>\n    <analysis></analysis>\n    <questionTypeId>3</questionTypeId>\n    <referenceName></referenceName>\n    <pointName>驾校科目一理论考试 &gt; 道路交通安全法律、法规和规章 &gt; \n		知识关键点：</pointName>\n    <fieldName>驾校科目一理论考试</fieldName>\n    <questionPoint>1.0</questionPoint>\n    <examingPoint></examingPoint>\n    <knowledgePointId>1</knowledgePointId>\n  </com.extr.controller.domain.QuestionQueryResult>\n  <com.extr.controller.domain.QuestionQueryResult>\n    <questionId>26</questionId>\n    <content>&lt;QuestionContent&gt;\n  &lt;title&gt;拼装的机动车只要认为安全就可以上路行驶。&lt;/title&gt;\n  &lt;titleImg&gt;&lt;/titleImg&gt;\n  &lt;choiceList/&gt;\n  &lt;choiceImgList/&gt;\n&lt;/QuestionContent&gt;</content>\n    <answer>F</answer>\n    <analysis></analysis>\n    <questionTypeId>3</questionTypeId>\n    <referenceName></referenceName>\n    <pointName>驾校科目一理论考试 &gt; 道路交通安全法律、法规和规章 &gt; \n		知识关键点：</pointName>\n    <fieldName>驾校科目一理论考试</fieldName>\n    <questionPoint>1.0</questionPoint>\n    <examingPoint></examingPoint>\n    <knowledgePointId>1</knowledgePointId>\n  </com.extr.controller.domain.QuestionQueryResult>\n  <com.extr.controller.domain.QuestionQueryResult>\n    <questionId>27</questionId>\n    <content>&lt;QuestionContent&gt;\n  &lt;title&gt;已经达到报废标准的机动车经大修后可以上路行驶。&lt;/title&gt;\n  &lt;titleImg&gt;&lt;/titleImg&gt;\n  &lt;choiceList/&gt;\n  &lt;choiceImgList/&gt;\n&lt;/QuestionContent&gt;</content>\n    <answer>F</answer>\n    <analysis></analysis>\n    <questionTypeId>3</questionTypeId>\n    <referenceName></referenceName>\n    <pointName>驾校科目一理论考试 &gt; 道路交通安全法律、法规和规章 &gt; \n		知识关键点：</pointName>\n    <fieldName>驾校科目一理论考试</fieldName>\n    <questionPoint>1.0</questionPoint>\n    <examingPoint></examingPoint>\n    <knowledgePointId>1</knowledgePointId>\n  </com.extr.controller.domain.QuestionQueryResult>\n  <com.extr.controller.domain.QuestionQueryResult>\n    <questionId>33</questionId>\n    <content>&lt;QuestionContent&gt;\n  &lt;title&gt;驾驶机动车上路行驶应当按规定悬挂号牌。&lt;/title&gt;\n  &lt;titleImg&gt;&lt;/titleImg&gt;\n  &lt;choiceList/&gt;\n  &lt;choiceImgList/&gt;\n&lt;/QuestionContent&gt;</content>\n    <answer>T</answer>\n    <analysis></analysis>\n    <questionTypeId>3</questionTypeId>\n    <referenceName></referenceName>\n    <pointName>驾校科目一理论考试 &gt; 道路交通安全法律、法规和规章 &gt; \n		知识关键点：</pointName>\n    <fieldName>驾校科目一理论考试</fieldName>\n    <questionPoint>1.0</questionPoint>\n    <examingPoint></examingPoint>\n    <knowledgePointId>1</knowledgePointId>\n  </com.extr.controller.domain.QuestionQueryResult>\n  <com.extr.controller.domain.QuestionQueryResult>\n    <questionId>34</questionId>\n    <content>&lt;QuestionContent&gt;\n  &lt;title&gt;驾驶这种机动车上路行驶没有违法行为。&lt;/title&gt;\n  &lt;titleImg&gt;files/question/admin/1419392222000.jpg&lt;/titleImg&gt;\n  &lt;choiceList/&gt;\n  &lt;choiceImgList/&gt;\n&lt;/QuestionContent&gt;</content>\n    <answer>F</answer>\n    <analysis></analysis>\n    <questionTypeId>3</questionTypeId>\n    <referenceName></referenceName>\n    <pointName>驾校科目一理论考试 &gt; 道路交通安全法律、法规和规章 &gt; \n		知识关键点：</pointName>\n    <fieldName>驾校科目一理论考试</fieldName>\n    <questionPoint>1.0</questionPoint>\n    <examingPoint></examingPoint>\n    <knowledgePointId>1</knowledgePointId>\n  </com.extr.controller.domain.QuestionQueryResult>\n  <com.extr.controller.domain.QuestionQueryResult>\n    <questionId>36</questionId>\n    <content>&lt;QuestionContent&gt;\n  &lt;title&gt;饮酒后只要不影响驾驶操作可以短距离驾驶机动车。&lt;/title&gt;\n  &lt;titleImg&gt;&lt;/titleImg&gt;\n  &lt;choiceList/&gt;\n  &lt;choiceImgList/&gt;\n&lt;/QuestionContent&gt;</content>\n    <answer>F</answer>\n    <analysis></analysis>\n    <questionTypeId>3</questionTypeId>\n    <referenceName></referenceName>\n    <pointName>驾校科目一理论考试 &gt; 道路交通安全法律、法规和规章 &gt; \n		知识关键点：</pointName>\n    <fieldName>驾校科目一理论考试</fieldName>\n    <questionPoint>1.0</questionPoint>\n    <examingPoint></examingPoint>\n    <knowledgePointId>1</knowledgePointId>\n  </com.extr.controller.domain.QuestionQueryResult>\n  <com.extr.controller.domain.QuestionQueryResult>\n    <questionId>45</questionId>\n    <content>&lt;QuestionContent&gt;\n  &lt;title&gt;驾驶人的机动车驾驶证被依法扣留、暂扣的情况下不得驾驶机动车。&lt;/title&gt;\n  &lt;titleImg&gt;&lt;/titleImg&gt;\n  &lt;choiceList/&gt;\n  &lt;choiceImgList/&gt;\n&lt;/QuestionContent&gt;</content>\n    <answer>T</answer>\n    <analysis></analysis>\n    <questionTypeId>3</questionTypeId>\n    <referenceName></referenceName>\n    <pointName>驾校科目一理论考试 &gt; 道路交通安全法律、法规和规章 &gt; \n		知识关键点：</pointName>\n    <fieldName>驾校科目一理论考试</fieldName>\n    <questionPoint>1.0</questionPoint>\n    <examingPoint></examingPoint>\n    <knowledgePointId>1</knowledgePointId>\n  </com.extr.controller.domain.QuestionQueryResult>\n  <com.extr.controller.domain.QuestionQueryResult>\n    <questionId>49</questionId>\n    <content>&lt;QuestionContent&gt;\n  &lt;title&gt;交通信号包括交通信号灯、交通标志、交通标线和交通警察的指挥。&lt;/title&gt;\n  &lt;titleImg&gt;&lt;/titleImg&gt;\n  &lt;choiceList/&gt;\n  &lt;choiceImgList/&gt;\n&lt;/QuestionContent&gt;</content>\n    <answer>T</answer>\n    <analysis></analysis>\n    <questionTypeId>3</questionTypeId>\n    <referenceName></referenceName>\n    <pointName>驾校科目一理论考试 &gt; 道路交通信号 &gt; \n		知识关键点：</pointName>\n    <fieldName>驾校科目一理论考试</fieldName>\n    <questionPoint>1.0</questionPoint>\n    <examingPoint></examingPoint>\n    <knowledgePointId>2</knowledgePointId>\n  </com.extr.controller.domain.QuestionQueryResult>\n  <com.extr.controller.domain.QuestionQueryResult>\n    <questionId>50</questionId>\n    <content>&lt;QuestionContent&gt;\n  &lt;title&gt;交通标志和交通标线不属于交通信号。&lt;/title&gt;\n  &lt;titleImg&gt;&lt;/titleImg&gt;\n  &lt;choiceList/&gt;\n  &lt;choiceImgList/&gt;\n&lt;/QuestionContent&gt;</content>\n    <answer>F</answer>\n    <analysis></analysis>\n    <questionTypeId>3</questionTypeId>\n    <referenceName></referenceName>\n    <pointName>驾校科目一理论考试 &gt; 道路交通信号 &gt; \n		知识关键点：</pointName>\n    <fieldName>驾校科目一理论考试</fieldName>\n    <questionPoint>1.0</questionPoint>\n    <examingPoint></examingPoint>\n    <knowledgePointId>2</knowledgePointId>\n  </com.extr.controller.domain.QuestionQueryResult>\n  <com.extr.controller.domain.QuestionQueryResult>\n    <questionId>51</questionId>\n    <content>&lt;QuestionContent&gt;\n  &lt;title&gt;交通信号灯由红灯、绿灯和黄灯组成。&lt;/title&gt;\n  &lt;titleImg&gt;&lt;/titleImg&gt;\n  &lt;choiceList/&gt;\n  &lt;choiceImgList/&gt;\n&lt;/QuestionContent&gt;</content>\n    <answer>T</answer>\n    <analysis></analysis>\n    <questionTypeId>3</questionTypeId>\n    <referenceName></referenceName>\n    <pointName>驾校科目一理论考试 &gt; 道路交通信号 &gt; \n		知识关键点：</pointName>\n    <fieldName>驾校科目一理论考试</fieldName>\n    <questionPoint>1.0</questionPoint>\n    <examingPoint></examingPoint>\n    <knowledgePointId>2</knowledgePointId>\n  </com.extr.controller.domain.QuestionQueryResult>\n  <com.extr.controller.domain.QuestionQueryResult>\n    <questionId>52</questionId>\n    <content>&lt;QuestionContent&gt;\n  &lt;title&gt;道路交通标线分为指示标线、警告标线、禁止标线。&lt;/title&gt;\n  &lt;titleImg&gt;&lt;/titleImg&gt;\n  &lt;choiceList/&gt;\n  &lt;choiceImgList/&gt;\n&lt;/QuestionContent&gt;</content>\n    <answer>T</answer>\n    <analysis></analysis>\n    <questionTypeId>3</questionTypeId>\n    <referenceName></referenceName>\n    <pointName>驾校科目一理论考试 &gt; 道路交通信号 &gt; \n		知识关键点：</pointName>\n    <fieldName>驾校科目一理论考试</fieldName>\n    <questionPoint>1.0</questionPoint>\n    <examingPoint></examingPoint>\n    <knowledgePointId>2</knowledgePointId>\n  </com.extr.controller.domain.QuestionQueryResult>\n  <com.extr.controller.domain.QuestionQueryResult>\n    <questionId>60</questionId>\n    <content>&lt;QuestionContent&gt;\n  &lt;title&gt;在这种情况下可以借右侧公交车道超车。&lt;/title&gt;\n  &lt;titleImg&gt;files/question/admin/1419393441742.jpg&lt;/titleImg&gt;\n  &lt;choiceList/&gt;\n  &lt;choiceImgList/&gt;\n&lt;/QuestionContent&gt;</content>\n    <answer>F</answer>\n    <analysis></analysis>\n    <questionTypeId>3</questionTypeId>\n    <referenceName></referenceName>\n    <pointName>驾校科目一理论考试 &gt; 安全行车、文明驾驶基础知识 &gt; \n		知识关键点：</pointName>\n    <fieldName>驾校科目一理论考试</fieldName>\n    <questionPoint>1.0</questionPoint>\n    <examingPoint></examingPoint>\n    <knowledgePointId>3</knowledgePointId>\n  </com.extr.controller.domain.QuestionQueryResult>\n  <com.extr.controller.domain.QuestionQueryResult>\n    <questionId>61</questionId>\n    <content>&lt;QuestionContent&gt;\n  &lt;title&gt;在路口遇有交通信号灯和交通警察指挥不一致时，按照交通信号灯通行。&lt;/title&gt;\n  &lt;titleImg&gt;&lt;/titleImg&gt;\n  &lt;choiceList/&gt;\n  &lt;choiceImgList/&gt;\n&lt;/QuestionContent&gt;</content>\n    <answer>F</answer>\n    <analysis></analysis>\n    <questionTypeId>3</questionTypeId>\n    <referenceName></referenceName>\n    <pointName>驾校科目一理论考试 &gt; 道路交通信号 &gt; \n		知识关键点：</pointName>\n    <fieldName>驾校科目一理论考试</fieldName>\n    <questionPoint>1.0</questionPoint>\n    <examingPoint></examingPoint>\n    <knowledgePointId>2</knowledgePointId>\n  </com.extr.controller.domain.QuestionQueryResult>\n  <com.extr.controller.domain.QuestionQueryResult>\n    <questionId>62</questionId>\n    <content>&lt;QuestionContent&gt;\n  &lt;title&gt;在这种情况下可加速通过交叉路口。&lt;/title&gt;\n  &lt;titleImg&gt;files/question/admin/1419393546273.jpg&lt;/titleImg&gt;\n  &lt;choiceList/&gt;\n  &lt;choiceImgList/&gt;\n&lt;/QuestionContent&gt;</content>\n    <answer>F</answer>\n    <analysis></analysis>\n    <questionTypeId>3</questionTypeId>\n    <referenceName></referenceName>\n    <pointName>驾校科目一理论考试 &gt; 道路交通信号 &gt; \n		知识关键点：</pointName>\n    <fieldName>驾校科目一理论考试</fieldName>\n    <questionPoint>1.0</questionPoint>\n    <examingPoint></examingPoint>\n    <knowledgePointId>2</knowledgePointId>\n  </com.extr.controller.domain.QuestionQueryResult>\n  <com.extr.controller.domain.QuestionQueryResult>\n    <questionId>63</questionId>\n    <content>&lt;QuestionContent&gt;\n  &lt;title&gt;在路口这个位置时可以加速通过路口。&lt;/title&gt;\n  &lt;titleImg&gt;files/question/admin/1419393602691.jpg&lt;/titleImg&gt;\n  &lt;choiceList/&gt;\n  &lt;choiceImgList/&gt;\n&lt;/QuestionContent&gt;</content>\n    <answer>F</answer>\n    <analysis></analysis>\n    <questionTypeId>3</questionTypeId>\n    <referenceName></referenceName>\n    <pointName>驾校科目一理论考试 &gt; 道路交通信号 &gt; \n		知识关键点：</pointName>\n    <fieldName>驾校科目一理论考试</fieldName>\n    <questionPoint>1.0</questionPoint>\n    <examingPoint></examingPoint>\n    <knowledgePointId>2</knowledgePointId>\n  </com.extr.controller.domain.QuestionQueryResult>\n  <com.extr.controller.domain.QuestionQueryResult>\n    <questionId>64</questionId>\n    <content>&lt;QuestionContent&gt;\n  &lt;title&gt;驾驶机动车不能进入红色叉形灯或者红色箭头灯亮的车道。&lt;/title&gt;\n  &lt;titleImg&gt;&lt;/titleImg&gt;\n  &lt;choiceList/&gt;\n  &lt;choiceImgList/&gt;\n&lt;/QuestionContent&gt;</content>\n    <answer>T</answer>\n    <analysis></analysis>\n    <questionTypeId>3</questionTypeId>\n    <referenceName></referenceName>\n    <pointName>驾校科目一理论考试 &gt; 道路交通信号 &gt; \n		知识关键点：</pointName>\n    <fieldName>驾校科目一理论考试</fieldName>\n    <questionPoint>1.0</questionPoint>\n    <examingPoint></examingPoint>\n    <knowledgePointId>2</knowledgePointId>\n  </com.extr.controller.domain.QuestionQueryResult>\n  <com.extr.controller.domain.QuestionQueryResult>\n    <questionId>74</questionId>\n    <content>&lt;QuestionContent&gt;\n  &lt;title&gt;驾驶机动车在道路上超车时可以不使用转向灯。&lt;/title&gt;\n  &lt;titleImg&gt;&lt;/titleImg&gt;\n  &lt;choiceList/&gt;\n  &lt;choiceImgList/&gt;\n&lt;/QuestionContent&gt;</content>\n    <answer>F</answer>\n    <analysis></analysis>\n    <questionTypeId>3</questionTypeId>\n    <referenceName></referenceName>\n    <pointName>驾校科目一理论考试 &gt; 安全行车、文明驾驶基础知识 &gt; \n		知识关键点：</pointName>\n    <fieldName>驾校科目一理论考试</fieldName>\n    <questionPoint>1.0</questionPoint>\n    <examingPoint></examingPoint>\n    <knowledgePointId>3</knowledgePointId>\n  </com.extr.controller.domain.QuestionQueryResult>\n  <com.extr.controller.domain.QuestionQueryResult>\n    <questionId>75</questionId>\n    <content>&lt;QuestionContent&gt;\n  &lt;title&gt;驾驶机动车在道路上超车完毕驶回原车道时开启右转向灯。&lt;/title&gt;\n  &lt;titleImg&gt;&lt;/titleImg&gt;\n  &lt;choiceList/&gt;\n  &lt;choiceImgList/&gt;\n&lt;/QuestionContent&gt;</content>\n    <answer>T</answer>\n    <analysis></analysis>\n    <questionTypeId>3</questionTypeId>\n    <referenceName></referenceName>\n    <pointName>驾校科目一理论考试 &gt; 安全行车、文明驾驶基础知识 &gt; \n		知识关键点：</pointName>\n    <fieldName>驾校科目一理论考试</fieldName>\n    <questionPoint>1.0</questionPoint>\n    <examingPoint></examingPoint>\n    <knowledgePointId>3</knowledgePointId>\n  </com.extr.controller.domain.QuestionQueryResult>\n  <com.extr.controller.domain.QuestionQueryResult>\n    <questionId>79</questionId>\n    <content>&lt;QuestionContent&gt;\n  &lt;title&gt;在这种环境里行车使用近光灯。&lt;/title&gt;\n  &lt;titleImg&gt;files/question/admin/1419402694847.jpg&lt;/titleImg&gt;\n  &lt;choiceList/&gt;\n  &lt;choiceImgList/&gt;\n&lt;/QuestionContent&gt;</content>\n    <answer>T</answer>\n    <analysis></analysis>\n    <questionTypeId>3</questionTypeId>\n    <referenceName></referenceName>\n    <pointName>驾校科目一理论考试 &gt; 安全行车、文明驾驶基础知识 &gt; \n		知识关键点：</pointName>\n    <fieldName>驾校科目一理论考试</fieldName>\n    <questionPoint>1.0</questionPoint>\n    <examingPoint></examingPoint>\n    <knowledgePointId>3</knowledgePointId>\n  </com.extr.controller.domain.QuestionQueryResult>\n  <com.extr.controller.domain.QuestionQueryResult>\n    <questionId>81</questionId>\n    <content>&lt;QuestionContent&gt;\n  &lt;title&gt;在这种急弯道路上行车应交替使用远近光灯。&lt;/title&gt;\n  &lt;titleImg&gt;files/question/admin/1419402742913.jpg&lt;/titleImg&gt;\n  &lt;choiceList/&gt;\n  &lt;choiceImgList/&gt;\n&lt;/QuestionContent&gt;</content>\n    <answer>T</answer>\n    <analysis></analysis>\n    <questionTypeId>3</questionTypeId>\n    <referenceName></referenceName>\n    <pointName>驾校科目一理论考试 &gt; 安全行车、文明驾驶基础知识 &gt; \n		知识关键点：</pointName>\n    <fieldName>驾校科目一理论考试</fieldName>\n    <questionPoint>1.0</questionPoint>\n    <examingPoint></examingPoint>\n    <knowledgePointId>3</knowledgePointId>\n  </com.extr.controller.domain.QuestionQueryResult>\n  <com.extr.controller.domain.QuestionQueryResult>\n    <questionId>82</questionId>\n    <content>&lt;QuestionContent&gt;\n  &lt;title&gt;夜间驾驶机动车通过人行横道时需要交替使用远近光灯。&lt;/title&gt;\n  &lt;titleImg&gt;&lt;/titleImg&gt;\n  &lt;choiceList/&gt;\n  &lt;choiceImgList/&gt;\n&lt;/QuestionContent&gt;</content>\n    <answer>T</answer>\n    <analysis></analysis>\n    <questionTypeId>3</questionTypeId>\n    <referenceName></referenceName>\n    <pointName>驾校科目一理论考试 &gt; 安全行车、文明驾驶基础知识 &gt; \n		知识关键点：</pointName>\n    <fieldName>驾校科目一理论考试</fieldName>\n    <questionPoint>1.0</questionPoint>\n    <examingPoint></examingPoint>\n    <knowledgePointId>3</knowledgePointId>\n  </com.extr.controller.domain.QuestionQueryResult>\n  <com.extr.controller.domain.QuestionQueryResult>\n    <questionId>83</questionId>\n    <content>&lt;QuestionContent&gt;\n  &lt;title&gt;驾驶机动车上坡时,在将要到达坡道顶端时要加速并鸣喇叭。&lt;/title&gt;\n  &lt;titleImg&gt;&lt;/titleImg&gt;\n  &lt;choiceList/&gt;\n  &lt;choiceImgList/&gt;\n&lt;/QuestionContent&gt;</content>\n    <answer>F</answer>\n    <analysis></analysis>\n    <questionTypeId>3</questionTypeId>\n    <referenceName></referenceName>\n    <pointName>驾校科目一理论考试 &gt; 安全行车、文明驾驶基础知识 &gt; \n		知识关键点：</pointName>\n    <fieldName>驾校科目一理论考试</fieldName>\n    <questionPoint>1.0</questionPoint>\n    <examingPoint></examingPoint>\n    <knowledgePointId>3</knowledgePointId>\n  </com.extr.controller.domain.QuestionQueryResult>\n  <com.extr.controller.domain.QuestionQueryResult>\n    <questionId>102</questionId>\n    <content>&lt;QuestionContent&gt;\n  &lt;title&gt;驾驶机动车在没有中心线的公路上，最高速度不能超过每小时70公里。&lt;/title&gt;\n  &lt;titleImg&gt;&lt;/titleImg&gt;\n  &lt;choiceList/&gt;\n  &lt;choiceImgList/&gt;\n&lt;/QuestionContent&gt;</content>\n    <answer>F</answer>\n    <analysis></analysis>\n    <questionTypeId>3</questionTypeId>\n    <referenceName></referenceName>\n    <pointName>驾校科目一理论考试 &gt; 安全行车、文明驾驶基础知识 &gt; \n		知识关键点：</pointName>\n    <fieldName>驾校科目一理论考试</fieldName>\n    <questionPoint>1.0</questionPoint>\n    <examingPoint></examingPoint>\n    <knowledgePointId>3</knowledgePointId>\n  </com.extr.controller.domain.QuestionQueryResult>\n  <com.extr.controller.domain.QuestionQueryResult>\n    <questionId>103</questionId>\n    <content>&lt;QuestionContent&gt;\n  &lt;title&gt;车在这种条件的道路上，最高速度不能超过每小时50公里。&lt;/title&gt;\n  &lt;titleImg&gt;files/question/admin/1419403778471.jpg&lt;/titleImg&gt;\n  &lt;choiceList/&gt;\n  &lt;choiceImgList/&gt;\n&lt;/QuestionContent&gt;</content>\n    <answer>F</answer>\n    <analysis></analysis>\n    <questionTypeId>3</questionTypeId>\n    <referenceName></referenceName>\n    <pointName>驾校科目一理论考试 &gt; 安全行车、文明驾驶基础知识 &gt; \n		知识关键点：</pointName>\n    <fieldName>驾校科目一理论考试</fieldName>\n    <questionPoint>1.0</questionPoint>\n    <examingPoint></examingPoint>\n    <knowledgePointId>3</knowledgePointId>\n  </com.extr.controller.domain.QuestionQueryResult>\n  <com.extr.controller.domain.QuestionQueryResult>\n    <questionId>121</questionId>\n    <content>&lt;QuestionContent&gt;\n  &lt;title&gt;驾驶机动车超车应该提前开启左转向灯、变换使用远近光灯或鸣喇叭。&lt;/title&gt;\n  &lt;titleImg&gt;&lt;/titleImg&gt;\n  &lt;choiceList/&gt;\n  &lt;choiceImgList/&gt;\n&lt;/QuestionContent&gt;</content>\n    <answer>T</answer>\n    <analysis></analysis>\n    <questionTypeId>3</questionTypeId>\n    <referenceName></referenceName>\n    <pointName>驾校科目一理论考试 &gt; 安全行车、文明驾驶基础知识 &gt; \n		知识关键点：</pointName>\n    <fieldName>驾校科目一理论考试</fieldName>\n    <questionPoint>1.0</questionPoint>\n    <examingPoint></examingPoint>\n    <knowledgePointId>3</knowledgePointId>\n  </com.extr.controller.domain.QuestionQueryResult>\n  <com.extr.controller.domain.QuestionQueryResult>\n    <questionId>122</questionId>\n    <content>&lt;QuestionContent&gt;\n  &lt;title&gt;驾驶机动车超车后立即开启右转向灯驶回原车道。&lt;/title&gt;\n  &lt;titleImg&gt;&lt;/titleImg&gt;\n  &lt;choiceList/&gt;\n  &lt;choiceImgList/&gt;\n&lt;/QuestionContent&gt;</content>\n    <answer>F</answer>\n    <analysis></analysis>\n    <questionTypeId>3</questionTypeId>\n    <referenceName></referenceName>\n    <pointName>驾校科目一理论考试 &gt; 安全行车、文明驾驶基础知识 &gt; \n		知识关键点：</pointName>\n    <fieldName>驾校科目一理论考试</fieldName>\n    <questionPoint>1.0</questionPoint>\n    <examingPoint></examingPoint>\n    <knowledgePointId>3</knowledgePointId>\n  </com.extr.controller.domain.QuestionQueryResult>\n  <com.extr.controller.domain.QuestionQueryResult>\n    <questionId>123</questionId>\n    <content>&lt;QuestionContent&gt;\n  &lt;title&gt;在道路上遇到这种情况可以从两侧超车。&lt;/title&gt;\n  &lt;titleImg&gt;files/question/admin/1419404509740.jpg&lt;/titleImg&gt;\n  &lt;choiceList/&gt;\n  &lt;choiceImgList/&gt;\n&lt;/QuestionContent&gt;</content>\n    <answer>F</answer>\n    <analysis></analysis>\n    <questionTypeId>3</questionTypeId>\n    <referenceName></referenceName>\n    <pointName>驾校科目一理论考试 &gt; 安全行车、文明驾驶基础知识 &gt; \n		知识关键点：</pointName>\n    <fieldName>驾校科目一理论考试</fieldName>\n    <questionPoint>1.0</questionPoint>\n    <examingPoint></examingPoint>\n    <knowledgePointId>3</knowledgePointId>\n  </com.extr.controller.domain.QuestionQueryResult>\n  <com.extr.controller.domain.QuestionQueryResult>\n    <questionId>124</questionId>\n    <content>&lt;QuestionContent&gt;\n  &lt;title&gt;在这种情况下可以加速通过人行横道。&lt;/title&gt;\n  &lt;titleImg&gt;files/question/admin/1419404553476.jpg&lt;/titleImg&gt;\n  &lt;choiceList/&gt;\n  &lt;choiceImgList/&gt;\n&lt;/QuestionContent&gt;</content>\n    <answer>F</answer>\n    <analysis></analysis>\n    <questionTypeId>3</questionTypeId>\n    <referenceName></referenceName>\n    <pointName>驾校科目一理论考试 &gt; 安全行车、文明驾驶基础知识 &gt; \n		知识关键点：</pointName>\n    <fieldName>驾校科目一理论考试</fieldName>\n    <questionPoint>1.0</questionPoint>\n    <examingPoint></examingPoint>\n    <knowledgePointId>3</knowledgePointId>\n  </com.extr.controller.domain.QuestionQueryResult>\n  <com.extr.controller.domain.QuestionQueryResult>\n    <questionId>125</questionId>\n    <content>&lt;QuestionContent&gt;\n  &lt;title&gt;遇到这种情况下可以从右侧超车。&lt;/title&gt;\n  &lt;titleImg&gt;files/question/admin/1419404584107.jpg&lt;/titleImg&gt;\n  &lt;choiceList/&gt;\n  &lt;choiceImgList/&gt;\n&lt;/QuestionContent&gt;</content>\n    <answer>F</answer>\n    <analysis></analysis>\n    <questionTypeId>3</questionTypeId>\n    <referenceName></referenceName>\n    <pointName>驾校科目一理论考试 &gt; 安全行车、文明驾驶基础知识 &gt; \n		知识关键点：</pointName>\n    <fieldName>驾校科目一理论考试</fieldName>\n    <questionPoint>1.0</questionPoint>\n    <examingPoint></examingPoint>\n    <knowledgePointId>3</knowledgePointId>\n  </com.extr.controller.domain.QuestionQueryResult>\n  <com.extr.controller.domain.QuestionQueryResult>\n    <questionId>127</questionId>\n    <content>&lt;QuestionContent&gt;\n  &lt;title&gt;驾驶机动车在隧道、陡坡等特殊路段不得超车。&lt;/title&gt;\n  &lt;titleImg&gt;&lt;/titleImg&gt;\n  &lt;choiceList/&gt;\n  &lt;choiceImgList/&gt;\n&lt;/QuestionContent&gt;</content>\n    <answer>T</answer>\n    <analysis></analysis>\n    <questionTypeId>3</questionTypeId>\n    <referenceName></referenceName>\n    <pointName>驾校科目一理论考试 &gt; 安全行车、文明驾驶基础知识 &gt; \n		知识关键点：</pointName>\n    <fieldName>驾校科目一理论考试</fieldName>\n    <questionPoint>1.0</questionPoint>\n    <examingPoint></examingPoint>\n    <knowledgePointId>3</knowledgePointId>\n  </com.extr.controller.domain.QuestionQueryResult>\n</list>', '60', '100', '90', '0', '0', '1', '2019-06-03 11:13:47', null, '0', null, 'admin', '2', '0');

-- ----------------------------
-- Table structure for et_field
-- ----------------------------
DROP TABLE IF EXISTS `et_field`;
CREATE TABLE `et_field` (
  `field_id` int(5) NOT NULL AUTO_INCREMENT,
  `field_name` varchar(50) NOT NULL,
  `memo` varchar(100) DEFAULT NULL,
  `state` decimal(1,0) NOT NULL DEFAULT '1' COMMENT '1 正常 0 废弃',
  PRIMARY KEY (`field_id`)
) ENGINE=InnoDB AUTO_INCREMENT=2 DEFAULT CHARSET=utf8;

-- ----------------------------
-- Records of et_field
-- ----------------------------
INSERT INTO `et_field` VALUES ('1', '2017级软件工程考试', '2017级软件工程考试', '1');

-- ----------------------------
-- Table structure for et_knowledge_point
-- ----------------------------
DROP TABLE IF EXISTS `et_knowledge_point`;
CREATE TABLE `et_knowledge_point` (
  `point_id` int(5) NOT NULL AUTO_INCREMENT,
  `point_name` varchar(100) NOT NULL,
  `field_id` int(5) NOT NULL,
  `memo` varchar(100) DEFAULT NULL,
  `state` decimal(1,0) DEFAULT '1' COMMENT '1:正常 0：废弃',
  PRIMARY KEY (`point_id`),
  KEY `fk_knowledge_field` (`field_id`),
  CONSTRAINT `et_knowledge_point_ibfk_1` FOREIGN KEY (`field_id`) REFERENCES `et_field` (`field_id`)
) ENGINE=InnoDB AUTO_INCREMENT=5 DEFAULT CHARSET=utf8;

-- ----------------------------
-- Records of et_knowledge_point
-- ----------------------------
INSERT INTO `et_knowledge_point` VALUES ('1', '一体化软件工程实践II', '1', '一体化软件工程实践II', '1');
INSERT INTO `et_knowledge_point` VALUES ('2', '数据库系统管理', '1', '数据库系统管理', '1');
INSERT INTO `et_knowledge_point` VALUES ('3', '网络安全', '1', '网络安全', '1');
INSERT INTO `et_knowledge_point` VALUES ('4', '数学建模', '1', '数学建模', '1');

-- ----------------------------
-- Table structure for et_question
-- ----------------------------
DROP TABLE IF EXISTS `et_question`;
CREATE TABLE `et_question` (
  `id` int(11) NOT NULL AUTO_INCREMENT,
  `name` varchar(40) NOT NULL,
  `content` varchar(2000) NOT NULL,
  `question_type_id` int(11) NOT NULL COMMENT '题型',
  `duration` int(11) DEFAULT NULL COMMENT '试题考试时间',
  `points` int(11) DEFAULT NULL,
  `group_id` int(11) DEFAULT NULL COMMENT '班组ID',
  `is_visible` tinyint(1) NOT NULL DEFAULT '0' COMMENT '试题可见性',
  `create_time` timestamp NULL DEFAULT NULL,
  `creator` varchar(20) NOT NULL DEFAULT 'admin' COMMENT '创建者',
  `last_modify` timestamp NULL DEFAULT CURRENT_TIMESTAMP,
  `answer` mediumtext NOT NULL,
  `expose_times` int(11) NOT NULL DEFAULT '2',
  `right_times` int(11) NOT NULL DEFAULT '1',
  `wrong_times` int(11) NOT NULL DEFAULT '1',
  `difficulty` int(5) NOT NULL DEFAULT '1',
  `analysis` mediumtext,
  `reference` varchar(1000) DEFAULT NULL,
  `examing_point` varchar(5000) DEFAULT NULL,
  `keyword` varchar(5000) DEFAULT NULL,
  PRIMARY KEY (`id`),
  KEY `question_type_id` (`question_type_id`),
  KEY `et_question_ibfk_5` (`creator`),
  CONSTRAINT `et_question_ibfk_1` FOREIGN KEY (`question_type_id`) REFERENCES `et_question_type` (`id`)
) ENGINE=InnoDB AUTO_INCREMENT=7 DEFAULT CHARSET=utf8 COMMENT='试题';

-- ----------------------------
-- Records of et_question
-- ----------------------------
INSERT INTO `et_question` VALUES ('1', '路由器在两个网段之间', '<QuestionContent>\n  <title>路由器在两个网段之间转发数据包时，读取其中的_______地址来确定下一跳的转发路径。</title>\n  <titleImg></titleImg>\n  <choiceList>\n    <entry>\n      <string>A</string>\n      <string>IP</string>\n    </entry>\n    <entry>\n      <string>B</string>\n      <string>MAC</string>\n    </entry>\n    <entry>\n      <string>C</string>\n      <string>源</string>\n    </entry>\n    <entry>\n      <string>D</string>\n      <string>ARP</string>\n    </entry>\n  </choiceList>\n  <choiceImgList/>\n</QuestionContent>', '1', null, '0', null, '0', '2019-06-03 14:12:19', 'admin', '2019-06-03 14:12:19', 'A', '2', '1', '1', '1', '网络安全', '网络安全', '网络安全', 'IP');
INSERT INTO `et_question` VALUES ('2', 'IP包在网络上传输时', '<QuestionContent>\n  <title>IP包在网络上传输时若出现差错，差错报告被封装到ICMP分组传送给_____。         A.发送者， B.接收者，C. 一个路由器，D.上述选项中的任何一项。</title>\n  <titleImg></titleImg>\n  <choiceList>\n    <entry>\n      <string>A</string>\n      <string>发送者</string>\n    </entry>\n    <entry>\n      <string>B</string>\n      <string>接收者</string>\n    </entry>\n    <entry>\n      <string>C</string>\n      <string>一个路由器</string>\n    </entry>\n    <entry>\n      <string>D</string>\n      <string>上述选项中的任何一项</string>\n    </entry>\n  </choiceList>\n  <choiceImgList/>\n</QuestionContent>', '1', null, '0', null, '0', '2019-06-03 14:20:33', 'admin', '2019-06-03 14:20:33', 'A', '2', '1', '1', '1', 'IP', 'IP包', 'IP', 'IP');
INSERT INTO `et_question` VALUES ('3', '所有负数都比小数小。', '<QuestionContent>\n  <title>所有负数都比小数小。</title>\n  <titleImg></titleImg>\n  <choiceList/>\n  <choiceImgList/>\n</QuestionContent>', '3', null, '0', null, '0', '2019-06-03 14:23:01', 'admin', '2019-06-03 14:23:01', 'F', '2', '1', '1', '1', '负数中也有小数，小数中也有负数。', '数学', '数的认识', '数');
INSERT INTO `et_question` VALUES ('4', '简述数据库基本理论。', '<QuestionContent>\n  <title>简述数据库基本理论。</title>\n  <titleImg></titleImg>\n  <choiceList/>\n  <choiceImgList/>\n</QuestionContent>', '5', null, '0', null, '0', '2019-06-03 14:24:28', 'admin', '2019-06-03 14:24:28', '数据是数据库存储的对象。种类很多，文本、图形、图像、音频、视频等都是数据。\n数据库是指长期存储在计算机内的，有组织的，可共享的数据集合。\n数据库管理系统是一类重要的的系统软件，有一组程序 构成，其主要功能是完成对数据库中数据的定义，数据操纵，提供给用户一个简明的应用接口，实现事务处理等。\n数据库系统是由数据库及其管理软件组成的系统。它是为适应数据处理的需要而发展起来的一种较为理想的数据处理的核心机构。它是一个实际可运行的存储、维护和应用系统提供数据的软件系统，是存储介质、处理对象和管理系统的集合体。', '2', '1', '1', '1', '数据库', '中国知网', '数据库', '数据库');
INSERT INTO `et_question` VALUES ('5', '简述Spring框架', '<QuestionContent>\n  <title>简述Spring框架中的控制反转。</title>\n  <titleImg></titleImg>\n  <choiceList/>\n  <choiceImgList/>\n</QuestionContent>', '5', null, '0', null, '0', '2019-06-03 14:25:54', 'admin', '2019-06-03 14:25:54', '定义不同 ioc：控制反转（Inversion of Control，缩写为IoC），是面向对象编程中的一种设计原则，可以用来减低计算机代码之间的耦合度。', '2', '1', '1', '1', 'spring', 'spring', 'spring', 'spring');
INSERT INTO `et_question` VALUES ('6', '简述网络安全。', '<QuestionContent>\n  <title>简述网络安全。</title>\n  <titleImg></titleImg>\n  <choiceList/>\n  <choiceImgList/>\n</QuestionContent>', '5', null, '0', null, '0', '2019-06-03 14:27:18', 'admin', '2019-06-03 14:27:18', '网络安全是指网络系统的硬件、软件及其系统中的数据受到保护，不因偶然的或者恶意的原因而遭受到破坏、更改、泄露，系统连续可靠正常地运行，网络服务不中断。', '2', '1', '1', '1', '网安', '网安', '网安', '网安');

-- ----------------------------
-- Table structure for et_question_2_point
-- ----------------------------
DROP TABLE IF EXISTS `et_question_2_point`;
CREATE TABLE `et_question_2_point` (
  `question_2_point_id` int(10) NOT NULL AUTO_INCREMENT,
  `question_id` int(10) DEFAULT NULL,
  `point_id` int(10) DEFAULT NULL,
  PRIMARY KEY (`question_2_point_id`),
  KEY `fk_question_111` (`question_id`),
  KEY `fk_point_111` (`point_id`),
  CONSTRAINT `et_question_2_point_ibfk_1` FOREIGN KEY (`point_id`) REFERENCES `et_knowledge_point` (`point_id`),
  CONSTRAINT `et_question_2_point_ibfk_2` FOREIGN KEY (`question_id`) REFERENCES `et_question` (`id`)
) ENGINE=InnoDB AUTO_INCREMENT=7 DEFAULT CHARSET=utf8;

-- ----------------------------
-- Records of et_question_2_point
-- ----------------------------
INSERT INTO `et_question_2_point` VALUES ('1', '1', '3');
INSERT INTO `et_question_2_point` VALUES ('2', '2', '3');
INSERT INTO `et_question_2_point` VALUES ('3', '3', '4');
INSERT INTO `et_question_2_point` VALUES ('4', '4', '2');
INSERT INTO `et_question_2_point` VALUES ('5', '5', '1');
INSERT INTO `et_question_2_point` VALUES ('6', '6', '3');

-- ----------------------------
-- Table structure for et_question_type
-- ----------------------------
DROP TABLE IF EXISTS `et_question_type`;
CREATE TABLE `et_question_type` (
  `id` int(11) NOT NULL AUTO_INCREMENT,
  `name` varchar(20) NOT NULL,
  `subjective` tinyint(1) NOT NULL DEFAULT '0',
  PRIMARY KEY (`id`)
) ENGINE=InnoDB AUTO_INCREMENT=6 DEFAULT CHARSET=utf8 COMMENT='试题类型';

-- ----------------------------
-- Records of et_question_type
-- ----------------------------
INSERT INTO `et_question_type` VALUES ('1', '单选题', '0');
INSERT INTO `et_question_type` VALUES ('2', '多选题', '0');
INSERT INTO `et_question_type` VALUES ('3', '判断题', '0');
INSERT INTO `et_question_type` VALUES ('4', '填空题', '0');
INSERT INTO `et_question_type` VALUES ('5', '简答题', '1');

-- ----------------------------
-- Table structure for et_role
-- ----------------------------
DROP TABLE IF EXISTS `et_role`;
CREATE TABLE `et_role` (
  `id` int(11) NOT NULL AUTO_INCREMENT,
  `authority` varchar(20) NOT NULL,
  `name` varchar(20) NOT NULL,
  `code` varchar(10) NOT NULL,
  PRIMARY KEY (`id`)
) ENGINE=InnoDB AUTO_INCREMENT=4 DEFAULT CHARSET=utf8 COMMENT='角色表';

-- ----------------------------
-- Records of et_role
-- ----------------------------
INSERT INTO `et_role` VALUES ('1', 'ROLE_ADMIN', '管理员', 'admin');
INSERT INTO `et_role` VALUES ('3', 'ROLE_STUDENT', '学员', 'student');

-- ----------------------------
-- Table structure for et_r_user_role
-- ----------------------------
DROP TABLE IF EXISTS `et_r_user_role`;
CREATE TABLE `et_r_user_role` (
  `user_id` int(11) NOT NULL COMMENT '用户ID',
  `role_id` int(11) NOT NULL COMMENT '角色ID',
  KEY `user_id` (`user_id`),
  KEY `role_id` (`role_id`),
  CONSTRAINT `et_r_user_role_ibfk_1` FOREIGN KEY (`user_id`) REFERENCES `et_user` (`id`)
) ENGINE=InnoDB DEFAULT CHARSET=utf8 COMMENT='用户_角色 关联表';

-- ----------------------------
-- Records of et_r_user_role
-- ----------------------------
INSERT INTO `et_r_user_role` VALUES ('4', '1');
INSERT INTO `et_r_user_role` VALUES ('5', '3');
INSERT INTO `et_r_user_role` VALUES ('6', '3');
INSERT INTO `et_r_user_role` VALUES ('7', '3');
INSERT INTO `et_r_user_role` VALUES ('8', '3');
INSERT INTO `et_r_user_role` VALUES ('9', '3');
INSERT INTO `et_r_user_role` VALUES ('10', '3');
INSERT INTO `et_r_user_role` VALUES ('11', '3');
INSERT INTO `et_r_user_role` VALUES ('12', '3');
INSERT INTO `et_r_user_role` VALUES ('13', '3');
INSERT INTO `et_r_user_role` VALUES ('14', '3');
INSERT INTO `et_r_user_role` VALUES ('15', '3');
INSERT INTO `et_r_user_role` VALUES ('16', '3');
INSERT INTO `et_r_user_role` VALUES ('17', '3');
INSERT INTO `et_r_user_role` VALUES ('18', '3');
INSERT INTO `et_r_user_role` VALUES ('19', '3');

-- ----------------------------
-- Table structure for et_tag
-- ----------------------------
DROP TABLE IF EXISTS `et_tag`;
CREATE TABLE `et_tag` (
  `tag_id` int(11) NOT NULL AUTO_INCREMENT,
  `tag_name` varchar(100) NOT NULL,
  `create_time` timestamp NOT NULL DEFAULT CURRENT_TIMESTAMP ON UPDATE CURRENT_TIMESTAMP,
  `creator` int(11) NOT NULL,
  `is_private` tinyint(1) NOT NULL DEFAULT '0',
  `memo` varchar(500) DEFAULT NULL,
  PRIMARY KEY (`tag_id`),
  KEY `fk_tag_creator` (`creator`),
  CONSTRAINT `fk_tag_creator` FOREIGN KEY (`creator`) REFERENCES `et_user` (`id`) ON DELETE CASCADE
) ENGINE=InnoDB AUTO_INCREMENT=9 DEFAULT CHARSET=utf8;

-- ----------------------------
-- Records of et_tag
-- ----------------------------
INSERT INTO `et_tag` VALUES ('7', '学习', '2019-06-03 14:00:34', '4', '0', '学习');
INSERT INTO `et_tag` VALUES ('8', '考试', '2019-06-03 14:00:57', '4', '0', '考试');

-- ----------------------------
-- Table structure for et_user
-- ----------------------------
DROP TABLE IF EXISTS `et_user`;
CREATE TABLE `et_user` (
  `id` int(11) NOT NULL AUTO_INCREMENT COMMENT 'PK',
  `username` varchar(20) NOT NULL COMMENT '账号',
  `truename` varchar(10) DEFAULT NULL COMMENT '真实姓名',
  `password` char(40) NOT NULL,
  `email` varchar(40) NOT NULL,
  `phone` varchar(20) DEFAULT NULL,
  `add_date` timestamp NOT NULL DEFAULT CURRENT_TIMESTAMP ON UPDATE CURRENT_TIMESTAMP,
  `expire_date` timestamp NULL DEFAULT NULL,
  `add_by` int(11) DEFAULT NULL COMMENT '创建人',
  `enabled` tinyint(1) DEFAULT '0' COMMENT '激活状态：0-未激活 1-激活',
  `field_id` int(10) NOT NULL,
  `last_login_time` timestamp NULL DEFAULT NULL,
  `login_time` timestamp NULL DEFAULT NULL,
  `province` varchar(20) DEFAULT NULL,
  `company` varchar(40) DEFAULT NULL,
  `department` varchar(40) DEFAULT NULL,
  PRIMARY KEY (`id`),
  UNIQUE KEY `username` (`username`)
) ENGINE=InnoDB AUTO_INCREMENT=20 DEFAULT CHARSET=utf8 COMMENT='用户表';

-- ----------------------------
-- Records of et_user
-- ----------------------------
INSERT INTO `et_user` VALUES ('4', 'admin', null, '260acbffd3c30786febc29d7dd71a9880a811e77', '1@1.1', null, '2019-06-03 16:55:02', null, null, '1', '1', '2019-06-03 16:50:00', '2019-06-03 16:55:02', null, '2', '3');
INSERT INTO `et_user` VALUES ('5', 'AAA', null, '6cf8fc6981c1cb642c973f54c6cf64e53b7d68a0', 'zuidaima@qq.com', null, '2019-06-05 11:03:03', null, null, '1', '1', null, '2018-07-04 18:57:11', null, null, null);
INSERT INTO `et_user` VALUES ('6', 'kukeoo', null, 'a4ab996315acff684ffe61644a732f6eef48bc30', '791633494@qq.com', null, '2019-06-03 16:54:17', null, null, '1', '1', '2019-06-03 16:50:11', '2019-06-03 16:54:17', null, null, null);
INSERT INTO `et_user` VALUES ('7', 'kukeqq', null, 'b50b5484dac61e555b7cafc75b4783c683f98938', '213987123@qq.com', null, '2019-06-03 00:14:32', null, null, '1', '0', null, null, null, null, null);
INSERT INTO `et_user` VALUES ('8', 'wowowo1', null, 'd14a33371bd7cf6a35e420f358c0d3c1d5cd8c30', '7281939@qq.com', null, '2019-06-03 00:16:43', null, null, '1', '0', null, null, null, null, null);
INSERT INTO `et_user` VALUES ('9', 'wqwqwq1', null, '407035084d9bee0fdc1bd5fb9c5ef8c616fc2686', 'wqwqwq1@qq.com', null, '2019-06-03 00:21:03', null, null, '1', '0', null, null, null, null, null);
INSERT INTO `et_user` VALUES ('10', 'q1q1q1', null, 'f101edc102b77e2c91eab393ec64694862438447', 'q1q1q1@qq.com', null, '2019-06-03 00:32:09', null, null, '1', '0', null, null, null, null, null);
INSERT INTO `et_user` VALUES ('11', 'kekeke', null, 'e117c1e416bd0df23ce519ea6448a41943a35d44', 'kekeke@qq.com', null, '2019-06-03 00:36:50', null, null, '1', '0', null, null, null, null, null);
INSERT INTO `et_user` VALUES ('12', 'qoqoqo', null, '6b7efeab0532e64ac72c3e4d2d838f81b4d6615b', 'qoqoqo@qq.com', null, '2019-06-03 00:43:18', null, null, '1', '0', null, null, null, null, null);
INSERT INTO `et_user` VALUES ('13', 'kwkwkw', null, 'ae57f1d7a2822fe5b46c667c3a71b88ae9c45a6e', 'kwkwkw@qq.com', null, '2019-06-03 09:07:57', null, null, '1', '0', null, null, null, null, null);
INSERT INTO `et_user` VALUES ('14', 'krkrkr', null, 'da8ea661ee7e51b7de77b45fb06e422162809623', 'krkrkr@qq.com', null, '2019-06-03 09:08:55', null, null, '1', '0', null, null, null, null, null);
INSERT INTO `et_user` VALUES ('15', 'ktktkt', null, 'c9e421e052bfc24fd722acedf30dc8448d5f4bf3', 'ktktkt@qq.com', null, '2019-06-03 09:09:38', null, null, '1', '0', null, null, null, null, null);
INSERT INTO `et_user` VALUES ('16', '111111', null, '2e98576372e002a54a017dae22174620793e1470', '111111@qq.com', null, '2019-06-03 09:33:27', null, null, '1', '0', null, null, null, null, null);
INSERT INTO `et_user` VALUES ('17', 'kukeooo', null, 'bbcb95ea6aa0d6f5d9e93c862a550fa163e4e37b', 'kukeoo@qq.com', null, '2019-06-03 14:17:59', null, null, '1', '0', null, null, null, null, null);
INSERT INTO `et_user` VALUES ('18', 'QQQQ1', null, 'c9b47b6c8fd2adc6943f56a023c19150b8c9c586', 'QQQQ@QQ.COM', null, '2019-06-03 15:26:19', null, null, '1', '0', null, null, null, null, null);
INSERT INTO `et_user` VALUES ('19', 'kukeoo1', null, 'cc38c89d997f9b84cf038218794ec6a07f307741', 'xiaoran@qq.com', null, '2019-06-03 16:54:07', null, null, '1', '0', null, null, null, null, null);

-- ----------------------------
-- Table structure for et_user_question_history_t
-- ----------------------------
DROP TABLE IF EXISTS `et_user_question_history_t`;
CREATE TABLE `et_user_question_history_t` (
  `user_question_hist_id` int(11) NOT NULL AUTO_INCREMENT,
  `user_id` int(11) NOT NULL,
  `user_question_hist` mediumtext NOT NULL,
  `modify_time` timestamp NULL DEFAULT NULL ON UPDATE CURRENT_TIMESTAMP,
  PRIMARY KEY (`user_question_hist_id`),
  UNIQUE KEY `idx_u_q_hist_userid` (`user_id`) USING BTREE
) ENGINE=InnoDB AUTO_INCREMENT=3 DEFAULT CHARSET=utf8;

-- ----------------------------
-- Records of et_user_question_history_t
-- ----------------------------
INSERT INTO `et_user_question_history_t` VALUES ('1', '5', '<map>\n  <entry>\n    <int>0</int>\n    <tree-map>\n      <entry>\n        <int>46</int>\n        <com.extr.domain.question.QuestionHistory>\n          <examPaperId>0</examPaperId>\n          <questionId>46</questionId>\n          <time>2018-07-04 11:01:26.577 UTC</time>\n          <answer>B</answer>\n          <myAnswer>A</myAnswer>\n          <isRight>false</isRight>\n          <questionTypeId>1</questionTypeId>\n          <pointId>2</pointId>\n          <from>0</from>\n        </com.extr.domain.question.QuestionHistory>\n      </entry>\n      <entry>\n        <int>53</int>\n        <com.extr.domain.question.QuestionHistory>\n          <examPaperId>0</examPaperId>\n          <questionId>53</questionId>\n          <time>2018-07-04 11:03:49.430 UTC</time>\n          <answer>B</answer>\n          <myAnswer>C</myAnswer>\n          <isRight>false</isRight>\n          <questionTypeId>1</questionTypeId>\n          <pointId>2</pointId>\n          <from>0</from>\n        </com.extr.domain.question.QuestionHistory>\n      </entry>\n    </tree-map>\n  </entry>\n  <entry>\n    <int>1</int>\n    <tree-map>\n      <entry>\n        <int>48</int>\n        <com.extr.domain.question.QuestionHistory>\n          <examPaperId>0</examPaperId>\n          <questionId>48</questionId>\n          <time>2018-07-04 11:03:47.48 UTC</time>\n          <answer>C</answer>\n          <myAnswer>C</myAnswer>\n          <isRight>true</isRight>\n          <questionTypeId>1</questionTypeId>\n          <pointId>2</pointId>\n          <from>0</from>\n        </com.extr.domain.question.QuestionHistory>\n      </entry>\n    </tree-map>\n  </entry>\n</map>', '2018-07-04 19:01:26');
INSERT INTO `et_user_question_history_t` VALUES ('2', '6', '<map>\n  <entry>\n    <int>0</int>\n    <tree-map>\n      <entry>\n        <int>1</int>\n        <com.extr.domain.question.QuestionHistory>\n          <examPaperId>0</examPaperId>\n          <questionId>1</questionId>\n          <time>2019-06-03 08:54:48.878 UTC</time>\n          <answer>A</answer>\n          <myAnswer>B</myAnswer>\n          <isRight>false</isRight>\n          <questionTypeId>1</questionTypeId>\n          <pointId>3</pointId>\n          <from>0</from>\n        </com.extr.domain.question.QuestionHistory>\n      </entry>\n      <entry>\n        <int>3</int>\n        <com.extr.domain.question.QuestionHistory>\n          <examPaperId>0</examPaperId>\n          <questionId>3</questionId>\n          <time>2019-06-03 06:28:03.930 UTC</time>\n          <answer>错</answer>\n          <myAnswer>对</myAnswer>\n          <isRight>false</isRight>\n          <questionTypeId>3</questionTypeId>\n          <pointId>4</pointId>\n          <from>0</from>\n        </com.extr.domain.question.QuestionHistory>\n      </entry>\n      <entry>\n        <int>129</int>\n        <com.extr.domain.question.QuestionHistory>\n          <examPaperId>0</examPaperId>\n          <questionId>129</questionId>\n          <time>2019-06-03 05:52:22.281 UTC</time>\n          <answer>A</answer>\n          <myAnswer>B</myAnswer>\n          <isRight>false</isRight>\n          <questionTypeId>1</questionTypeId>\n          <pointId>3</pointId>\n          <from>0</from>\n        </com.extr.domain.question.QuestionHistory>\n      </entry>\n      <entry>\n        <int>132</int>\n        <com.extr.domain.question.QuestionHistory>\n          <examPaperId>0</examPaperId>\n          <questionId>132</questionId>\n          <time>2019-06-03 05:19:42.380 UTC</time>\n          <answer>A</answer>\n          <myAnswer>C</myAnswer>\n          <isRight>false</isRight>\n          <questionTypeId>1</questionTypeId>\n          <pointId>3</pointId>\n          <from>0</from>\n        </com.extr.domain.question.QuestionHistory>\n      </entry>\n    </tree-map>\n  </entry>\n  <entry>\n    <int>1</int>\n    <tree-map>\n      <entry>\n        <int>130</int>\n        <com.extr.domain.question.QuestionHistory>\n          <examPaperId>0</examPaperId>\n          <questionId>130</questionId>\n          <time>2019-06-03 01:19:09.875 UTC</time>\n          <answer>A</answer>\n          <myAnswer>A</myAnswer>\n          <isRight>true</isRight>\n          <questionTypeId>1</questionTypeId>\n          <pointId>4</pointId>\n          <from>0</from>\n        </com.extr.domain.question.QuestionHistory>\n      </entry>\n    </tree-map>\n  </entry>\n</map>', '2019-06-03 09:01:55');
